date,total_value,returns
2016-01-04 00:00:00+00:00,100000.0,
2016-01-05 00:00:00+00:00,100000.0,0.0
2016-01-06 00:00:00+00:00,100000.0,0.0
2016-01-07 00:00:00+00:00,100000.0,0.0
2016-01-08 00:00:00+00:00,100010.14072,0.00010140719999984782
2016-01-11 00:00:00+00:00,100058.50072,0.00048355096445074075
2016-01-12 00:00:00+00:00,100103.14072,0.0004461390054695258
2016-01-13 00:00:00+00:00,100023.78072,-0.0007927823186085758
2016-01-14 00:00:00+00:00,100089.50072,0.0006570437502655402
2016-01-15 00:00:00+00:00,100015.10072,-0.0007433347100823662
2016-01-19 00:00:00+00:00,100050.28293,0.00035176898035116366
2016-01-20 00:00:00+00:00,99911.02053000001,-0.0013919240997791738
2016-01-21 00:00:00+00:00,100025.42052999999,0.0011450188316877163
2016-01-22 00:00:00+00:00,100450.02553000001,0.004244970905897594
2016-01-25 00:00:00+00:00,100199.61053,-0.0024929311732749815
2016-01-26 00:00:00+00:00,100216.21053000001,0.00016566930661898738
2016-01-27 00:00:00+00:00,99755.04053,-0.004601750530788262
2016-01-28 00:00:00+00:00,99731.76552999999,-0.0002333215432157587
2016-01-29 00:00:00+00:00,100242.42553000001,0.005120334502114243
2016-02-01 00:00:00+00:00,100383.29053,0.0014052433314060142
2016-02-02 00:00:00+00:00,99545.63053000001,-0.008344615877576289
2016-02-03 00:00:00+00:00,99373.58053000002,-0.0017283531088603254
2016-02-04 00:00:00+00:00,99436.52553000001,0.0006334178527560574
2016-02-05 00:00:00+00:00,98460.65553,-0.009813999380998029
2016-02-08 00:00:00+00:00,97709.21053,-0.0076319317188686675
2016-02-09 00:00:00+00:00,97793.10553000002,0.0008586191572417246
2016-02-10 00:00:00+00:00,97621.71552999999,-0.0017525775367410734
2016-02-11 00:00:00+00:00,97763.17053,0.0014490116182863666
2016-02-12 00:00:00+00:00,97898.12961000002,0.001380469549712604
2016-02-16 00:00:00+00:00,98659.91961000001,0.007781456122142094
2016-02-17 00:00:00+00:00,99555.85461000001,0.009081043280205314
2016-02-18 00:00:00+00:00,99888.62461,0.003342545762914595
2016-02-19 00:00:00+00:00,100075.79461000001,0.001873786937509614
2016-02-22 00:00:00+00:00,100864.03460999999,0.00787643009053074
2016-02-23 00:00:00+00:00,100593.60461000001,-0.002681134073662883
2016-02-24 00:00:00+00:00,100822.66460999999,0.0022770831295690908
2016-02-25 00:00:00+00:00,101257.50961000001,0.004312968732596678
2016-02-26 00:00:00+00:00,101206.18461000001,-0.0005068759857681515
2016-02-29 00:00:00+00:00,101018.54461,-0.0018540368923409822
2016-03-01 00:00:00+00:00,101821.74960999998,0.007951064857456558
2016-03-02 00:00:00+00:00,101897.04461,0.000739478552356454
2016-03-03 00:00:00+00:00,101912.14961,0.00014823786163575825
2016-03-04 00:00:00+00:00,102057.16961,0.0014229902965934293
2016-03-07 00:00:00+00:00,101780.51461,-0.0027107845637617256
2016-03-08 00:00:00+00:00,101515.99961,-0.002598876622048496
2016-03-09 00:00:00+00:00,101896.05961000001,0.003743843349423903
2016-03-10 00:00:00+00:00,101901.85461000001,5.6871679063652536e-05
2016-03-11 00:00:00+00:00,102383.69460999999,0.004728471349653818
2016-03-14 00:00:00+00:00,102733.38461,0.0034154852619066034
2016-03-15 00:00:00+00:00,102854.16461,0.0011756645656961773
2016-03-16 00:00:00+00:00,103404.18461,0.005347571506565174
2016-03-17 00:00:00+00:00,103461.43461000001,0.0005536526419693821
2016-03-18 00:00:00+00:00,103892.09961,0.004162565516546257
2016-03-21 00:00:00+00:00,104203.62961,0.002998591819488139
2016-03-22 00:00:00+00:00,104053.66960999998,-0.001439105341735858
2016-03-23 00:00:00+00:00,103821.87961,-0.0022276004380118453
2016-03-24 00:00:00+00:00,103922.46461,0.0009688227604607302
2016-03-28 00:00:00+00:00,104056.87961,0.0012934162070197264
2016-03-29 00:00:00+00:00,104516.68961,0.004418833254690613
2016-03-30 00:00:00+00:00,104637.84461,0.0011591928566823118
2016-03-31 00:00:00+00:00,104570.10961,-0.0006473279362018136
2016-04-01 00:00:00+00:00,105098.49961,0.005052973569317887
2016-04-04 00:00:00+00:00,105228.42461,0.00123622126369205
2016-04-05 00:00:00+00:00,105301.56961,0.0006951068617733203
2016-04-06 00:00:00+00:00,105807.24461,0.004802160137525213
2016-04-07 00:00:00+00:00,105249.68961,-0.005269535201064102
2016-04-08 00:00:00+00:00,105096.78461,-0.001452783381752365
2016-04-11 00:00:00+00:00,105136.58461000002,0.00037869855055716606
2016-04-12 00:00:00+00:00,105226.90461,0.0008590729890551874
2016-04-13 00:00:00+00:00,105872.79461000001,0.006138068989046674
2016-04-14 00:00:00+00:00,105885.89461,0.0001237333920225403
2016-04-15 00:00:00+00:00,106060.64961,0.0016504086842128451
2016-04-18 00:00:00+00:00,106056.98961,-3.450855725894986e-05
2016-04-19 00:00:00+00:00,105451.32961,-0.005710703294777408
2016-04-20 00:00:00+00:00,105552.03961,0.0009550377446398972
2016-04-21 00:00:00+00:00,105544.36961,-7.266557830953868e-05
2016-04-22 00:00:00+00:00,104911.68961,-0.005994445770416967
2016-04-25 00:00:00+00:00,104966.81961,0.0005254895827619954
2016-04-26 00:00:00+00:00,104713.75461000002,-0.0024109047119865723
2016-04-27 00:00:00+00:00,104615.38960999998,-0.0009393703851646729
2016-04-28 00:00:00+00:00,103796.53461,-0.00782729006748073
2016-04-29 00:00:00+00:00,103413.67961,-0.0036885142788101177
2016-05-02 00:00:00+00:00,103695.52461000001,0.002725413127769194
2016-05-03 00:00:00+00:00,103235.40961,-0.004437173173389097
2016-05-04 00:00:00+00:00,102734.11461,-0.004855843570474305
2016-05-05 00:00:00+00:00,102502.08961000001,-0.0022585000209600636
2016-05-06 00:00:00+00:00,102876.28961,0.0036506572834149598
2016-05-09 00:00:00+00:00,102759.44461,-0.0011357816309565116
2016-05-10 00:00:00+00:00,103150.81461000002,0.0038086036907396537
2016-05-11 00:00:00+00:00,103005.18461,-0.001411816286188583
2016-05-12 00:00:00+00:00,102699.84961000002,-0.0029642682662629483
2016-05-13 00:00:00+00:00,104197.32461,0.014581082695706016
2016-05-16 00:00:00+00:00,104775.62461,0.005550046531084263
2016-05-17 00:00:00+00:00,104591.49461,-0.001757374395861433
2016-05-18 00:00:00+00:00,105081.53461,0.004685275813556933
2016-05-19 00:00:00+00:00,105193.47461,0.0010652680360585531
2016-05-20 00:00:00+00:00,105723.19461000002,0.0050356735716157175
2016-05-23 00:00:00+00:00,105556.56461000002,-0.0015760969067827313
2016-05-24 00:00:00+00:00,106169.47461000002,0.0058064602828304945
2016-05-25 00:00:00+00:00,106362.75461,0.0018204856029473415
2016-05-26 00:00:00+00:00,106644.99461000001,0.002653560459532134
2016-05-27 00:00:00+00:00,106887.32461000001,0.0022723054268622978
2016-05-31 00:00:00+00:00,107133.60461,0.002304108563841334
2016-06-01 00:00:00+00:00,106978.02461,-0.0014522054080636781
2016-06-02 00:00:00+00:00,106980.61460999999,2.4210579784300634e-05
2016-06-03 00:00:00+00:00,106602.95461000002,-0.003530172278190191
2016-06-06 00:00:00+00:00,106571.08460999999,-0.00029895981885885714
2016-06-07 00:00:00+00:00,106942.77461000001,0.0034877190314823725
2016-06-08 00:00:00+00:00,107126.27461,0.0017158709475153522
2016-06-09 00:00:00+00:00,107314.11461,0.0017534447145095555
2016-06-10 00:00:00+00:00,106874.41057,-0.004097355148462767
2016-06-13 00:00:00+00:00,106921.62057,0.0004417334303714604
2016-06-14 00:00:00+00:00,106950.05056999999,0.00026589570798152273
2016-06-15 00:00:00+00:00,107040.28057,0.0008436648652256906
2016-06-16 00:00:00+00:00,107029.28056999999,-0.0001027650520106782
2016-06-17 00:00:00+00:00,106371.24057,-0.006148224079387532
2016-06-20 00:00:00+00:00,106635.94056999999,0.0024884545726981955
2016-06-21 00:00:00+00:00,106588.83057,-0.00044178350890111684
2016-06-22 00:00:00+00:00,106605.91057,0.00016024193068497894
2016-06-23 00:00:00+00:00,107054.33056999999,0.004206333378725224
2016-06-24 00:00:00+00:00,105622.97056999998,-0.013370407272446427
2016-06-27 00:00:00+00:00,105392.41057,-0.0021828585084830987
2016-06-28 00:00:00+00:00,106190.73236999998,0.007574756053897902
2016-06-29 00:00:00+00:00,106928.73236999998,0.006949759018787027
2016-06-30 00:00:00+00:00,107465.09237,0.005016051234424834
2016-07-01 00:00:00+00:00,107468.76236999998,3.4150624347306646e-05
2016-07-05 00:00:00+00:00,107467.67237,-1.0142482112396323e-05
2016-07-06 00:00:00+00:00,107753.42236999999,0.0026589391367497495
2016-07-07 00:00:00+00:00,108088.69236999999,0.0031114556978875108
2016-07-08 00:00:00+00:00,109227.50236999999,0.010535884698296805
2016-07-11 00:00:00+00:00,109864.03237,0.00582756161395892
2016-07-12 00:00:00+00:00,110437.98237,0.0052241847274188125
2016-07-13 00:00:00+00:00,110475.14236999999,0.0003364784397770215
2016-07-14 00:00:00+00:00,110850.52237,0.003397868443045793
2016-07-15 00:00:00+00:00,110714.39237,-0.0012280501443703296
2016-07-18 00:00:00+00:00,111153.47236999999,0.003965880050469162
2016-07-19 00:00:00+00:00,111071.94237,-0.0007334903558261496
2016-07-20 00:00:00+00:00,112416.96237,0.01210944880678766
2016-07-21 00:00:00+00:00,111960.85237,-0.004057305858334748
2016-07-22 00:00:00+00:00,112778.11237,0.007299515703035109
2016-07-25 00:00:00+00:00,113003.75237,0.0020007428326138665
2016-07-26 00:00:00+00:00,113347.17237,0.0030390141282703453
2016-07-27 00:00:00+00:00,113173.01237,-0.0015365182594189175
2016-07-28 00:00:00+00:00,113290.88237,0.0010415027181096548
2016-07-29 00:00:00+00:00,114265.06236999999,0.008598926759334269
2016-08-01 00:00:00+00:00,114336.74237,0.0006273133581979895
2016-08-02 00:00:00+00:00,114038.66237,-0.0026070359695521406
2016-08-03 00:00:00+00:00,114202.70237,0.001438459524084612
2016-08-04 00:00:00+00:00,114682.21237,0.004198762288885716
2016-08-05 00:00:00+00:00,115469.08237,0.006861308164001212
2016-08-08 00:00:00+00:00,115619.39237,0.0013017337361211911
2016-08-09 00:00:00+00:00,115723.66236999999,0.0009018383323302626
2016-08-10 00:00:00+00:00,115532.11237,-0.001655236241898006
2016-08-11 00:00:00+00:00,115983.10237000001,0.003903590012754865
2016-08-12 00:00:00+00:00,116897.60237,0.007884769257875401
2016-08-15 00:00:00+00:00,116868.43237000001,-0.00024953463038235313
2016-08-16 00:00:00+00:00,116529.63236999999,-0.002898986433970352
2016-08-17 00:00:00+00:00,116172.00237,-0.0030690047906823947
2016-08-18 00:00:00+00:00,116371.55236999999,0.001717711633862029
2016-08-19 00:00:00+00:00,116448.95237,0.0006651110037092511
2016-08-22 00:00:00+00:00,116395.52236999999,-0.0004588276572058403
2016-08-23 00:00:00+00:00,116597.58236999999,0.0017359774318266297
2016-08-24 00:00:00+00:00,116306.43237000001,-0.0024970500595464795
2016-08-25 00:00:00+00:00,116216.32237,-0.000774763683863644
2016-08-26 00:00:00+00:00,116295.49236999999,0.0006812296103118065
2016-08-29 00:00:00+00:00,116363.56236999999,0.0005853193327856054
2016-08-30 00:00:00+00:00,116074.95237,-0.0024802437646442854
2016-08-31 00:00:00+00:00,115762.94237,-0.002688004549038614
2016-09-01 00:00:00+00:00,116446.88237,0.00590810829439703
2016-09-02 00:00:00+00:00,116367.19237,-0.0006843463592850485
2016-09-06 00:00:00+00:00,116778.27237000002,0.003532610795428992
2016-09-07 00:00:00+00:00,116463.21237,-0.002697933387829088
2016-09-08 00:00:00+00:00,116433.89237,-0.000251753316805714
2016-09-09 00:00:00+00:00,114711.53237,-0.014792600032014214
2016-09-12 00:00:00+00:00,115631.21237,0.008017328170925042
2016-09-13 00:00:00+00:00,115104.83236999999,-0.004552231090647729
2016-09-14 00:00:00+00:00,115268.77237,0.0014242668758948085
2016-09-15 00:00:00+00:00,116744.63833,0.01280369287930494
2016-09-16 00:00:00+00:00,116848.25833000001,0.0008875782347033123
2016-09-19 00:00:00+00:00,116912.10832999999,0.0005464351879311824
2016-09-20 00:00:00+00:00,116768.96833,-0.001224338539819625
2016-09-21 00:00:00+00:00,117702.56833000001,0.007995274886402726
2016-09-22 00:00:00+00:00,118108.43832999999,0.003448268000933119
2016-09-23 00:00:00+00:00,117802.62833,-0.002589230746964377
2016-09-26 00:00:00+00:00,117322.62833,-0.004074611974321796
2016-09-27 00:00:00+00:00,118350.67833,0.008762589234775131
2016-09-28 00:00:00+00:00,118525.57832999999,0.0014778115551845605
2016-09-29 00:00:00+00:00,118166.04832999999,-0.0030333536867375166
2016-09-30 00:00:00+00:00,118631.55833000001,0.00393945643929805
2016-10-03 00:00:00+00:00,118795.99833,0.0013861404361101837
2016-10-04 00:00:00+00:00,118710.15833,-0.0007225832621191586
2016-10-05 00:00:00+00:00,118740.33833,0.00025423266571755754
2016-10-06 00:00:00+00:00,118242.74832999999,-0.004190572529927605
2016-10-07 00:00:00+00:00,117975.89833,-0.0022567980173739954
2016-10-10 00:00:00+00:00,118618.38833000002,0.005445942850147656
2016-10-11 00:00:00+00:00,117849.29832999999,-0.006483733347146803
2016-10-12 00:00:00+00:00,118051.58833000001,0.0017165142505437547
2016-10-13 00:00:00+00:00,117440.81833,-0.005173755039133199
2016-10-14 00:00:00+00:00,117772.34833,0.0028229537627064705
2016-10-17 00:00:00+00:00,117535.63833,-0.0020098945410914615
2016-10-18 00:00:00+00:00,118469.56833000001,0.007945930385623523
2016-10-19 00:00:00+00:00,118534.74833,0.0005501834852510434
2016-10-20 00:00:00+00:00,118544.59833,8.309799564054643e-05
2016-10-21 00:00:00+00:00,119497.23833,0.008036131662010337
2016-10-24 00:00:00+00:00,121261.98833,0.01476812372120695
2016-10-25 00:00:00+00:00,121488.86833,0.001870990267639261
2016-10-26 00:00:00+00:00,121156.08833,-0.002739181001308433
2016-10-27 00:00:00+00:00,120544.50833,-0.005047868484613027
2016-10-28 00:00:00+00:00,120227.81833000001,-0.00262716240156724
2016-10-31 00:00:00+00:00,120232.28833000001,3.717941539727043e-05
2016-11-01 00:00:00+00:00,119236.86833000001,-0.008279140435786148
2016-11-02 00:00:00+00:00,118595.01832999999,-0.005382982704842942
2016-11-03 00:00:00+00:00,118094.90832999999,-0.00421695621824858
2016-11-04 00:00:00+00:00,117843.83833,-0.00212600190431933
2016-11-07 00:00:00+00:00,120038.25833,0.01862142332681782
2016-11-08 00:00:00+00:00,120311.69833,0.0022779404150323757
2016-11-09 00:00:00+00:00,119570.39833000001,-0.0061614956009239386
2016-11-10 00:00:00+00:00,117627.72833,-0.016247081444342726
2016-11-11 00:00:00+00:00,123725.88833000002,0.05184287826159384
2016-11-14 00:00:00+00:00,121459.81833000001,-0.01831524534263984
2016-11-15 00:00:00+00:00,122947.51832999999,0.012248495185115393
2016-11-16 00:00:00+00:00,125064.09833,0.017215312913587688
2016-11-17 00:00:00+00:00,125927.14833,0.00690086133050527
2016-11-18 00:00:00+00:00,125759.63833,-0.001330213557770965
2016-11-21 00:00:00+00:00,126022.35833000002,0.0020890645320610357
2016-11-22 00:00:00+00:00,126570.48833000001,0.004349466295216153
2016-11-23 00:00:00+00:00,126365.54833,-0.0016191768136792906
2016-11-25 00:00:00+00:00,126562.12833,0.001555645526790661
2016-11-28 00:00:00+00:00,126664.00833000001,0.0008049801417242541
2016-11-29 00:00:00+00:00,126461.52833000002,-0.001598559864554927
2016-11-30 00:00:00+00:00,125644.24833,-0.006462676916787924
2016-12-01 00:00:00+00:00,123365.99833,-0.018132545104780795
2016-12-02 00:00:00+00:00,123619.39833000001,0.0020540505765791472
2016-12-05 00:00:00+00:00,125424.56833000001,0.0146026434717077
2016-12-06 00:00:00+00:00,125640.12832999999,0.0017186425504198688
2016-12-07 00:00:00+00:00,127290.50833,0.013135771364903404
2016-12-08 00:00:00+00:00,126757.97833,-0.004183579804861948
2016-12-09 00:00:00+00:00,126944.86833,0.001474384511825022
2016-12-12 00:00:00+00:00,126277.07833,-0.005260472587706677
2016-12-13 00:00:00+00:00,127418.50833,0.009039090982269071
2016-12-14 00:00:00+00:00,128900.38833,0.01163002156768389
2016-12-15 00:00:00+00:00,129512.95833000001,0.004752274278893243
2016-12-16 00:00:00+00:00,129939.64833,0.0032945738056016083
2016-12-19 00:00:00+00:00,130861.50833,0.0070945243568676375
2016-12-20 00:00:00+00:00,132139.11833,0.009763069494646004
2016-12-21 00:00:00+00:00,132292.02833,0.0011571894979511832
2016-12-22 00:00:00+00:00,132602.33833,0.0023456439811015972
2016-12-23 00:00:00+00:00,133323.06833,0.005435273684287312
2016-12-27 00:00:00+00:00,135839.21833,0.01887257795306696
2016-12-28 00:00:00+00:00,135556.23753,-0.002083203978048065
2016-12-29 00:00:00+00:00,135327.40753,-0.001688081671264885
2016-12-30 00:00:00+00:00,134806.68753,-0.0038478532139512023
2017-01-03 00:00:00+00:00,135359.90753,0.004103802341978602
2017-01-04 00:00:00+00:00,135564.53753,0.0015117474866377378
2017-01-05 00:00:00+00:00,135668.89753,0.0007698178439690118
2017-01-06 00:00:00+00:00,136196.64753000002,0.003889985174260868
2017-01-09 00:00:00+00:00,136263.12753,0.0004881177415569926
2017-01-10 00:00:00+00:00,136190.46753,-0.0005332330272839192
2017-01-11 00:00:00+00:00,136488.27753000002,0.002186716922272236
2017-01-12 00:00:00+00:00,136249.24753,-0.0017512859296469063
2017-01-13 00:00:00+00:00,136559.17753000002,0.0022747281590072
2017-01-17 00:00:00+00:00,136395.57753,-0.001198015416899123
2017-01-18 00:00:00+00:00,136498.75753,0.0007564761399783126
2017-01-19 00:00:00+00:00,136509.44753,7.831573117189627e-05
2017-01-20 00:00:00+00:00,136778.97753,0.001974442098161555
2017-01-23 00:00:00+00:00,137277.84753,0.003647271013490272
2017-01-24 00:00:00+00:00,137754.74753000002,0.003473976381337174
2017-01-25 00:00:00+00:00,138024.00753,0.0019546331783690807
2017-01-26 00:00:00+00:00,138157.93753,0.0009703384389190273
2017-01-27 00:00:00+00:00,138519.17753,0.002614688713933333
2017-01-30 00:00:00+00:00,137822.87753,-0.005026740790813555
2017-01-31 00:00:00+00:00,137616.07753,-0.001500476580566068
2017-02-01 00:00:00+00:00,137275.28752999997,-0.0024763821649090856
2017-02-02 00:00:00+00:00,137240.79753,-0.0002512469696516195
2017-02-03 00:00:00+00:00,137477.37753,0.0017238314281018408
2017-02-06 00:00:00+00:00,137725.24753,0.0018029875493217329
2017-02-07 00:00:00+00:00,137815.34753,0.0006542010387773356
2017-02-08 00:00:00+00:00,137952.15753,0.0009927051119631436
2017-02-09 00:00:00+00:00,138462.68753,0.0037007757554570198
2017-02-10 00:00:00+00:00,138516.52753,0.00038884121751814327
2017-02-13 00:00:00+00:00,139256.29753,0.005340662325221901
2017-02-14 00:00:00+00:00,139282.56753,0.00018864496949833054
2017-02-15 00:00:00+00:00,139198.51753,-0.0006034495306233012
2017-02-16 00:00:00+00:00,138930.41752999998,-0.0019260262591679345
2017-02-17 00:00:00+00:00,139161.39753,0.0016625588845591288
2017-02-21 00:00:00+00:00,139351.46753,0.0013658241680063465
2017-02-22 00:00:00+00:00,139231.55753,-0.0008604860940857328
2017-02-23 00:00:00+00:00,138747.61753000002,-0.0034757924753926472
2017-02-24 00:00:00+00:00,138724.77753,-0.0001646154392170862
2017-02-27 00:00:00+00:00,138280.30753,-0.003203969816450991
2017-02-28 00:00:00+00:00,138228.59753,-0.000373950571297188
2017-03-01 00:00:00+00:00,138878.86753,0.004704308743773922
2017-03-02 00:00:00+00:00,138399.51753,-0.0034515690437670887
2017-03-03 00:00:00+00:00,138533.69753,0.0009695120502923871
2017-03-06 00:00:00+00:00,138486.12753,-0.0003433821579020835
2017-03-07 00:00:00+00:00,138523.74753000002,0.00027165175798482544
2017-03-08 00:00:00+00:00,138715.70753,0.0013857551749993924
2017-03-09 00:00:00+00:00,138621.57753,-0.0006785821279803317
2017-03-10 00:00:00+00:00,138734.51752999998,0.00081473607509297
2017-03-13 00:00:00+00:00,138788.55753,0.000389520942315702
2017-03-14 00:00:00+00:00,139073.68753,0.002054420083863029
2017-03-15 00:00:00+00:00,139216.02753,0.0010234862002151957
2017-03-16 00:00:00+00:00,139410.52753,0.0013971092513618277
2017-03-17 00:00:00+00:00,139497.78752999997,0.0006259211663997011
2017-03-20 00:00:00+00:00,139502.54753,3.412240498090746e-05
2017-03-21 00:00:00+00:00,138512.63753,-0.007095999446082635
2017-03-22 00:00:00+00:00,138841.36277,0.0023732508878751
2017-03-23 00:00:00+00:00,138587.25277000002,-0.0018302182788347832
2017-03-24 00:00:00+00:00,138541.61277,-0.00032932321759604477
2017-03-27 00:00:00+00:00,138653.46276999998,0.0008073386599423138
2017-03-28 00:00:00+00:00,138849.58277,0.0014144616086895212
2017-03-29 00:00:00+00:00,139088.48277,0.001720566927418954
2017-03-30 00:00:00+00:00,139164.02277,0.0005431075132578123
2017-03-31 00:00:00+00:00,139183.84277000002,0.00014242186741575402
2017-04-03 00:00:00+00:00,139227.99277,0.0003172063590237695
2017-04-04 00:00:00+00:00,139253.94277000002,0.0001863849322518707
2017-04-05 00:00:00+00:00,139105.18277,-0.0010682641872892251
2017-04-06 00:00:00+00:00,139086.32277,-0.00013558085776865791
2017-04-07 00:00:00+00:00,138897.83349,-0.001355196371908618
2017-04-10 00:00:00+00:00,138314.08349000002,-0.004202729339489619
2017-04-11 00:00:00+00:00,138286.73349,-0.00019773835975267495
2017-04-12 00:00:00+00:00,138080.29349,-0.001492840237020454
2017-04-13 00:00:00+00:00,137637.67349000002,-0.0032055262109654814
2017-04-17 00:00:00+00:00,138785.45348999999,0.008339141245971238
2017-04-18 00:00:00+00:00,138711.13349,-0.0005355028076147184
2017-04-19 00:00:00+00:00,138684.97349,-0.00018859336912480096
2017-04-20 00:00:00+00:00,139264.02349,0.004175290122846231
2017-04-21 00:00:00+00:00,139647.98349,0.002757065251870916
2017-04-24 00:00:00+00:00,140681.95349,0.007404116938602545
2017-04-25 00:00:00+00:00,141394.35349,0.005063904661024132
2017-04-26 00:00:00+00:00,141194.93349,-0.001410381638854652
2017-04-27 00:00:00+00:00,141694.56349,0.0035385830613772207
2017-04-28 00:00:00+00:00,142125.17349000002,0.0030390015636019285
2017-05-01 00:00:00+00:00,143154.58349,0.007242981484011368
2017-05-02 00:00:00+00:00,142627.97349,-0.0036786108216840807
2017-05-03 00:00:00+00:00,142881.28349,0.0017760190641546991
2017-05-04 00:00:00+00:00,142803.41349,-0.0005449979038398833
2017-05-05 00:00:00+00:00,142868.16349,0.0004534205339883357
2017-05-08 00:00:00+00:00,142898.75348999997,0.00021411348233724148
2017-05-09 00:00:00+00:00,142934.98349,0.00025353615140222274
2017-05-10 00:00:00+00:00,146361.48349,0.02397243779189795
2017-05-11 00:00:00+00:00,147042.12349,0.0046504038068628795
2017-05-12 00:00:00+00:00,147363.17349,0.0021833879461201633
2017-05-15 00:00:00+00:00,148615.75349,0.008499952670230737
2017-05-16 00:00:00+00:00,149508.88348999998,0.00600965899661543
2017-05-17 00:00:00+00:00,146544.87349,-0.01982497581956877
2017-05-18 00:00:00+00:00,147880.13349,0.009111611810092679
2017-05-19 00:00:00+00:00,148474.44349,0.00401886302084109
2017-05-22 00:00:00+00:00,149465.06349000003,0.006671989985042481
2017-05-23 00:00:00+00:00,149366.17349000002,-0.0006616261866883022
2017-05-24 00:00:00+00:00,149730.09348999997,0.0024364284864291097
2017-05-25 00:00:00+00:00,150311.34349,0.003881985153765033
2017-05-26 00:00:00+00:00,151115.30349,0.0053486315891619896
2017-05-30 00:00:00+00:00,151852.22349,0.004876541177371685
2017-05-31 00:00:00+00:00,151376.85349,-0.0031304777044064425
2017-06-01 00:00:00+00:00,151507.87349,0.0008655220199080826
2017-06-02 00:00:00+00:00,152185.57349,0.004473034862077618
2017-06-05 00:00:00+00:00,153274.26349,0.007153700413472741
2017-06-06 00:00:00+00:00,153104.96349,-0.0011045559518285675
2017-06-07 00:00:00+00:00,153541.48348999998,0.0028511159275936837
2017-06-08 00:00:00+00:00,155399.80349000002,0.012103048360354363
2017-06-09 00:00:00+00:00,152096.54349,-0.02125652623629326
2017-06-12 00:00:00+00:00,151711.69349,-0.002530300762721205
2017-06-13 00:00:00+00:00,152520.39349,0.005330505390827245
2017-06-14 00:00:00+00:00,152289.26349,-0.0015154039057414526
2017-06-15 00:00:00+00:00,152134.55349000002,-0.001015895647890841
2017-06-16 00:00:00+00:00,151934.17349,-0.0013171235291606909
2017-06-19 00:00:00+00:00,153705.52349,0.01165866743018551
2017-06-20 00:00:00+00:00,153198.73349,-0.003297148914970238
2017-06-21 00:00:00+00:00,153970.07348999998,0.0050348980205525695
2017-06-22 00:00:00+00:00,153702.92349000002,-0.0017350774338450448
2017-06-23 00:00:00+00:00,153430.90349,-0.0017697776582481506
2017-06-26 00:00:00+00:00,152550.71349,-0.0057367191353165925
2017-06-27 00:00:00+00:00,150543.01349,-0.013160869287783372
2017-06-28 00:00:00+00:00,151749.97908999998,0.008017413575158283
2017-06-29 00:00:00+00:00,150315.47908999998,-0.00945304907850586
2017-06-30 00:00:00+00:00,150048.01909000002,-0.0017793244023779353
2017-07-03 00:00:00+00:00,148794.28909,-0.008355525168566302
2017-07-05 00:00:00+00:00,149884.04909000001,0.0073239370050073305
2017-07-06 00:00:00+00:00,149726.75908999998,-0.0010494112012252588
2017-07-07 00:00:00+00:00,150690.49909,0.006436658389304517
2017-07-10 00:00:00+00:00,152160.86909,0.009757549473121241
2017-07-11 00:00:00+00:00,152619.62909,0.0030149670065873213
2017-07-12 00:00:00+00:00,154233.38909,0.010573738185724268
2017-07-13 00:00:00+00:00,154230.50909,-1.8672999517188593e-05
2017-07-14 00:00:00+00:00,155379.58909000002,0.007450406581550384
2017-07-17 00:00:00+00:00,155533.03909,0.000987581450682784
2017-07-18 00:00:00+00:00,155824.93909,0.001876771660271448
2017-07-19 00:00:00+00:00,155914.75909,0.0005764160764287762
2017-07-20 00:00:00+00:00,156468.29909,0.003550273259765424
2017-07-21 00:00:00+00:00,156380.28909,-0.0005624781537975077
2017-07-24 00:00:00+00:00,155997.93909,-0.002445001235289679
2017-07-25 00:00:00+00:00,156090.17909,0.0005912898627895569
2017-07-26 00:00:00+00:00,156428.54909,0.0021677853275117176
2017-07-27 00:00:00+00:00,154978.74909,-0.009268129177403939
2017-07-28 00:00:00+00:00,155417.09909,0.002828452304421747
2017-07-31 00:00:00+00:00,154898.64909,-0.0033358620321422006
2017-08-01 00:00:00+00:00,155263.01909000002,0.0023523123160893444
2017-08-02 00:00:00+00:00,155364.09909,0.0006510243108270863
2017-08-03 00:00:00+00:00,155642.88909,0.0017944299978756018
2017-08-04 00:00:00+00:00,156012.16909,0.002372610802581887
2017-08-07 00:00:00+00:00,156939.37909,0.005943190235789375
2017-08-08 00:00:00+00:00,156755.50909,-0.0011715988750953255
2017-08-09 00:00:00+00:00,156962.38908999998,0.0013197622284597532
2017-08-10 00:00:00+00:00,155067.36909,-0.012073083309871224
2017-08-11 00:00:00+00:00,153919.08909,-0.007405039543384229
2017-08-14 00:00:00+00:00,154338.16449,0.002722699325195199
2017-08-15 00:00:00+00:00,154255.82448999997,-0.0005335038178800877
2017-08-16 00:00:00+00:00,154395.08448999998,0.0009027860079866556
2017-08-17 00:00:00+00:00,153837.10449,-0.003613975158879623
2017-08-18 00:00:00+00:00,153859.24448999998,0.00014391846540129372
2017-08-21 00:00:00+00:00,153723.52448999998,-0.0008821049424093674
2017-08-22 00:00:00+00:00,154458.40721,0.004780548211069879
2017-08-23 00:00:00+00:00,154335.32721,-0.0007968488230795101
2017-08-24 00:00:00+00:00,154211.50720999998,-0.0008022790519731648
2017-08-25 00:00:00+00:00,154180.24721,-0.0002027086082325713
2017-08-28 00:00:00+00:00,154195.62720999998,9.975337488610236e-05
2017-08-29 00:00:00+00:00,154441.74721,0.0015961542130169537
2017-08-30 00:00:00+00:00,154933.82721,0.0031861851402839036
2017-08-31 00:00:00+00:00,155418.14720999997,0.003125979708379134
2017-09-01 00:00:00+00:00,155061.72720999998,-0.002293297188251664
2017-09-05 00:00:00+00:00,154711.38721,-0.002259358297521885
2017-09-06 00:00:00+00:00,154638.20721,-0.0004730097849918735
2017-09-07 00:00:00+00:00,155089.40721,0.0029177782654146167
2017-09-08 00:00:00+00:00,154741.64721,-0.0022423194869081176
2017-09-11 00:00:00+00:00,155147.96721,0.002625796011131998
2017-09-12 00:00:00+00:00,155152.24721,2.758656833834472e-05
2017-09-13 00:00:00+00:00,155369.94721,0.0014031379107604103
2017-09-14 00:00:00+00:00,155003.82721,-0.0023564402677255236
2017-09-15 00:00:00+00:00,155174.22720999998,0.0010993276944648578
2017-09-18 00:00:00+00:00,154996.20721,-0.0011472265929771686
2017-09-19 00:00:00+00:00,155211.64720999997,0.001389969495886323
2017-09-20 00:00:00+00:00,155115.44720999998,-0.000619798847117603
2017-09-21 00:00:00+00:00,154762.26721,-0.0022768847742278275
2017-09-22 00:00:00+00:00,154719.62721,-0.00027551935474123823
2017-09-25 00:00:00+00:00,154111.00720999998,-0.0039336961378141355
2017-09-26 00:00:00+00:00,154240.92721,0.000843028686607461
2017-09-27 00:00:00+00:00,154851.02720999997,0.0039555000805286955
2017-09-28 00:00:00+00:00,154904.50721,0.00034536419269293184
2017-09-29 00:00:00+00:00,155302.14720999997,0.0025670008391742716
2017-10-02 00:00:00+00:00,155235.50721,-0.00042909902533316835
2017-10-03 00:00:00+00:00,155199.76721,-0.0002302308321231461
2017-10-04 00:00:00+00:00,155245.70720999996,0.00029600559862830167
2017-10-05 00:00:00+00:00,156069.54721,0.005306684576376952
2017-10-06 00:00:00+00:00,156210.88721,0.0009056219007914645
2017-10-09 00:00:00+00:00,156315.34720999998,0.0006687113930770039
2017-10-10 00:00:00+00:00,156245.14721,-0.00044909217970567905
2017-10-11 00:00:00+00:00,156594.32721,0.0022348214087615226
2017-10-12 00:00:00+00:00,156835.96720999997,0.0015430954895061522
2017-10-13 00:00:00+00:00,157038.62721,0.0012921780864760812
2017-10-16 00:00:00+00:00,157212.38721000002,0.0011064793617154844
2017-10-17 00:00:00+00:00,157234.06720999998,0.0001379026194099353
2017-10-18 00:00:00+00:00,157247.58720999997,8.5986454716247e-05
2017-10-19 00:00:00+00:00,157066.98721,-0.001148507288437961
2017-10-20 00:00:00+00:00,157459.22720999998,0.002497278434936634
2017-10-23 00:00:00+00:00,157157.62721,-0.001915416488090238
2017-10-24 00:00:00+00:00,157242.72720999998,0.0005414945587480791
2017-10-25 00:00:00+00:00,157182.70721,-0.00038170286832939215
2017-10-26 00:00:00+00:00,157261.80721,0.0005032360200687425
2017-10-27 00:00:00+00:00,159971.90721,0.017233046269022445
2017-10-30 00:00:00+00:00,160109.26721,0.0008586507618471018
2017-10-31 00:00:00+00:00,159915.32721,-0.0012112977804440428
2017-11-01 00:00:00+00:00,160000.04721,0.0005297803623836028
2017-11-02 00:00:00+00:00,160366.70720999996,0.002291624323827346
2017-11-03 00:00:00+00:00,160647.00720999998,0.0017478690239176586
2017-11-06 00:00:00+00:00,160705.50720999998,0.00036415244215248777
2017-11-07 00:00:00+00:00,160803.70721,0.0006110555991818423
2017-11-08 00:00:00+00:00,161047.28721,0.0015147660724135203
2017-11-09 00:00:00+00:00,160697.90720999998,-0.002169424931352304
2017-11-10 00:00:00+00:00,160522.42721,-0.0010919868406914501
2017-11-13 00:00:00+00:00,160474.90720999998,-0.00029603340060291305
2017-11-14 00:00:00+00:00,160445.02720999997,-0.00018619733464564359
2017-11-15 00:00:00+00:00,159896.28720999998,-0.0034201122312239596
2017-11-16 00:00:00+00:00,160230.52720999997,0.0020903549784181408
2017-11-17 00:00:00+00:00,159705.68721,-0.0032755306316386568
2017-11-20 00:00:00+00:00,159729.86721,0.0001514034999154923
2017-11-21 00:00:00+00:00,160517.76721,0.00493270303019866
2017-11-22 00:00:00+00:00,160373.14721,-0.0009009594546053323
2017-11-24 00:00:00+00:00,160501.32721,0.0007992609874529766
2017-11-27 00:00:00+00:00,160943.06721,0.002752251384326776
2017-11-28 00:00:00+00:00,161146.72720999998,0.0012654164204179974
2017-11-29 00:00:00+00:00,160057.68720999997,-0.006758064646145812
2017-11-30 00:00:00+00:00,160418.98721,0.002257311137614959
2017-12-01 00:00:00+00:00,160250.52721,-0.0010501250689201047
2017-12-04 00:00:00+00:00,158826.92721,-0.008883590118455298
2017-12-05 00:00:00+00:00,159185.39501,0.002256971196867852
2017-12-06 00:00:00+00:00,160007.61501,0.005165172344789193
2017-12-07 00:00:00+00:00,160434.77500999998,0.0026696229424660878
2017-12-08 00:00:00+00:00,161081.45500999998,0.004030796938878645
2017-12-11 00:00:00+00:00,162007.75501000002,0.005750506785169973
2017-12-12 00:00:00+00:00,161573.93501,-0.0026777730484152107
2017-12-13 00:00:00+00:00,160967.67501,-0.0037522141177193102
2017-12-14 00:00:00+00:00,160865.33501,-0.0006357798234560841
2017-12-15 00:00:00+00:00,162576.43501,0.010636847272867067
2017-12-18 00:00:00+00:00,163457.61501,0.005420096706794109
2017-12-19 00:00:00+00:00,162872.17501,-0.0035816012607561287
2017-12-20 00:00:00+00:00,162749.91501,-0.0007506500112280934
2017-12-21 00:00:00+00:00,162621.51501000003,-0.0007889405041598962
2017-12-22 00:00:00+00:00,162497.01501000003,-0.0007655813561467939
2017-12-26 00:00:00+00:00,162561.07501000003,0.00039422262615751436
2017-12-27 00:00:00+00:00,162540.81461,-0.00012463254194639006
2017-12-28 00:00:00+00:00,162493.03461000003,-0.0002939569369982964
2017-12-29 00:00:00+00:00,162328.31461,-0.001013704989849984
2018-01-02 00:00:00+00:00,162887.09461000003,0.0034422830135489857
2018-01-03 00:00:00+00:00,163324.57460999998,0.002685786747239849
2018-01-04 00:00:00+00:00,163696.93461,0.002279877360092053
2018-01-05 00:00:00+00:00,164384.81461,0.0042021556581914865
2018-01-08 00:00:00+00:00,164461.47460999998,0.00046634477875495683
2018-01-09 00:00:00+00:00,164415.91461000004,-0.0002770253648033405
2018-01-10 00:00:00+00:00,164225.59461000003,-0.0011575521776675535
2018-01-11 00:00:00+00:00,164381.23461000004,0.000947720727512813
2018-01-12 00:00:00+00:00,165293.31461,0.00554856521283531
2018-01-16 00:00:00+00:00,164806.69460999998,-0.0029439787153411334
2018-01-17 00:00:00+00:00,165692.23460999998,0.005373204056398073
2018-01-18 00:00:00+00:00,165631.83461000002,-0.00036453126570556993
2018-01-19 00:00:00+00:00,165690.11461000002,0.00035186472538462077
2018-01-22 00:00:00+00:00,166565.41461000004,0.005282753301609322
2018-01-23 00:00:00+00:00,166863.55461,0.0017899274029846701
2018-01-24 00:00:00+00:00,166668.15461,-0.0011710166456461168
2018-01-25 00:00:00+00:00,166933.93461,0.0015946657633663097
2018-01-26 00:00:00+00:00,167671.75461,0.004419832323030892
2018-01-29 00:00:00+00:00,167490.63461,-0.0010802057891102779
2018-01-30 00:00:00+00:00,166880.83461,-0.003640800582193293
2018-01-31 00:00:00+00:00,167811.45461000002,0.0055765540852841244
2018-02-01 00:00:00+00:00,167535.63461,-0.001643630350747105
2018-02-02 00:00:00+00:00,165406.43461,-0.01270893804148887
2018-02-05 00:00:00+00:00,162985.15461,-0.014638366431807603
2018-02-06 00:00:00+00:00,164768.21461000002,0.010940014777828244
2018-02-07 00:00:00+00:00,163782.02889,-0.005985291048606123
2018-02-08 00:00:00+00:00,160575.76889000004,-0.019576384672541525
2018-02-09 00:00:00+00:00,162291.19889000003,0.01068299415197016
2018-02-12 00:00:00+00:00,163083.29888999998,0.004880732938185028
2018-02-13 00:00:00+00:00,163551.64888999995,0.002871845266730011
2018-02-14 00:00:00+00:00,164273.13889,0.004411389337231952
2018-02-15 00:00:00+00:00,165668.93889000005,0.008496824309996986
2018-02-16 00:00:00+00:00,165504.83888999998,-0.0009905296738154101
2018-02-20 00:00:00+00:00,165863.48888999998,0.002167006127466564
2018-02-21 00:00:00+00:00,165514.88888999997,-0.0021017283691120436
2018-02-22 00:00:00+00:00,165855.74889,0.002059391770045327
2018-02-23 00:00:00+00:00,167216.53889,0.008204659827031557
2018-02-26 00:00:00+00:00,168187.97889,0.005809473192355918
2018-02-27 00:00:00+00:00,167171.52889000002,-0.006043535374574915
2018-02-28 00:00:00+00:00,166624.03888999997,-0.0032750193985502385
2018-03-01 00:00:00+00:00,165419.92889000004,-0.00722650829989091
2018-03-02 00:00:00+00:00,165820.44889,0.0024212318472600636
2018-03-05 00:00:00+00:00,166188.74889000002,0.002221077089499035
2018-03-06 00:00:00+00:00,166057.60889,-0.0007891027574123965
2018-03-07 00:00:00+00:00,166511.73889,0.002734773811544189
2018-03-08 00:00:00+00:00,166944.36889,0.002598195195629982
2018-03-09 00:00:00+00:00,168274.99889000005,0.007970499447494284
2018-03-12 00:00:00+00:00,168874.99889000002,0.003565592060364109
2018-03-13 00:00:00+00:00,167461.79889,-0.008368319818142678
2018-03-14 00:00:00+00:00,167032.40889,-0.002564107174568564
2018-03-15 00:00:00+00:00,167167.37889000005,0.0008080467790472223
2018-03-16 00:00:00+00:00,166958.02889000002,-0.0012523376354294236
2018-03-19 00:00:00+00:00,165535.76889,-0.008518667891899145
2018-03-20 00:00:00+00:00,165493.52889,-0.0002551714368638214
2018-03-21 00:00:00+00:00,165226.22889000003,-0.0016151688938703668
2018-03-22 00:00:00+00:00,163358.25889,-0.011305529470406528
2018-03-23 00:00:00+00:00,161693.38889000003,-0.010191526350198377
2018-03-26 00:00:00+00:00,164866.08889,0.019621705140699053
2018-03-27 00:00:00+00:00,161873.01889,-0.018154552098321508
2018-03-28 00:00:00+00:00,160819.65009,-0.00650737724682704
2018-03-29 00:00:00+00:00,163294.92009,0.015391589265458139
2018-04-02 00:00:00+00:00,160508.91009000002,-0.017061216591823358
2018-04-03 00:00:00+00:00,161819.94009000002,0.008167957774212642
2018-04-04 00:00:00+00:00,163589.24009,0.010933757601294003
2018-04-05 00:00:00+00:00,163546.88009000002,-0.00025894123584579987
2018-04-06 00:00:00+00:00,161429.72009000002,-0.012945279046808644
2018-04-09 00:00:00+00:00,161761.87009,0.00205755173096267
2018-04-10 00:00:00+00:00,164481.40009,0.01681193471914555
2018-04-11 00:00:00+00:00,163654.77009000003,-0.005025674632801458
2018-04-12 00:00:00+00:00,165255.15009,0.009779000020102568
2018-04-13 00:00:00+00:00,164869.26009,-0.0023351163324704105
2018-04-16 00:00:00+00:00,165278.73009000003,0.0024836042800004954
2018-04-17 00:00:00+00:00,167121.91009,0.011151949189083687
2018-04-18 00:00:00+00:00,167178.84009,0.00034064952925305647
2018-04-19 00:00:00+00:00,166526.35009,-0.0039029460884448808
2018-04-20 00:00:00+00:00,165460.46008999998,-0.006400728770095232
2018-04-23 00:00:00+00:00,164884.94009000002,-0.0034782932410977185
2018-04-24 00:00:00+00:00,162897.36009,-0.01205434528414251
2018-04-25 00:00:00+00:00,162116.62009000004,-0.004792833963476184
2018-04-26 00:00:00+00:00,164136.41009,0.012458870650514653
2018-04-27 00:00:00+00:00,164767.42009,0.00384442427889109
2018-04-30 00:00:00+00:00,163636.32009000002,-0.006864828006544865
2018-05-01 00:00:00+00:00,165023.22009,0.008475502255472112
2018-05-02 00:00:00+00:00,164415.01009,-0.0036856025453162466
2018-05-03 00:00:00+00:00,164943.73009000003,0.0032157647875983297
2018-05-04 00:00:00+00:00,166807.22009000002,0.01129773165056469
2018-05-07 00:00:00+00:00,168530.73009000003,0.010332346519953406
2018-05-08 00:00:00+00:00,168541.52009000003,6.402393198112755e-05
2018-05-09 00:00:00+00:00,170114.54009,0.009333130490100983
2018-05-10 00:00:00+00:00,171224.56008999998,0.006525133003990824
2018-05-11 00:00:00+00:00,170417.86009,-0.004711356826240132
2018-05-14 00:00:00+00:00,170468.87009000004,0.00029932308722280254
2018-05-15 00:00:00+00:00,168669.40008999998,-0.010556003562703364
2018-05-16 00:00:00+00:00,168735.92009,0.00039438096041433113
2018-05-17 00:00:00+00:00,168418.55008999998,-0.001880868044164763
2018-05-18 00:00:00+00:00,167955.67009,-0.002748390837901238
2018-05-21 00:00:00+00:00,168681.23009000003,0.0043199494224352986
2018-05-22 00:00:00+00:00,168131.03009000001,-0.0032617737000522062
2018-05-23 00:00:00+00:00,169339.08009,0.007185169800918434
2018-05-24 00:00:00+00:00,169169.02009000003,-0.0010042572565622798
2018-05-25 00:00:00+00:00,169364.21008999998,0.0011538164605795487
2018-05-29 00:00:00+00:00,168981.76009000003,-0.002258151233939687
2018-05-30 00:00:00+00:00,170079.86009,0.006498334491338742
2018-05-31 00:00:00+00:00,170148.53009000001,0.0004037515080483889
2018-06-01 00:00:00+00:00,172245.26009,0.012322939251317111
2018-06-04 00:00:00+00:00,173742.79009,0.008694172479506879
2018-06-05 00:00:00+00:00,173875.25009,0.0007623913483338907
2018-06-06 00:00:00+00:00,174531.92008999997,0.0037766732163437844
2018-06-07 00:00:00+00:00,173404.39008999997,-0.006460308231402978
2018-06-08 00:00:00+00:00,173595.41009,0.0011015868739012724
2018-06-11 00:00:00+00:00,173630.65008999998,0.0002030007589586269
2018-06-12 00:00:00+00:00,174257.06009000004,0.0036077155713889475
2018-06-13 00:00:00+00:00,174018.84008999998,-0.001367060823113997
2018-06-14 00:00:00+00:00,175201.83009,0.006798057034446359
2018-06-15 00:00:00+00:00,174493.90008999998,-0.004040654139493616
2018-06-18 00:00:00+00:00,175408.28009000001,0.005240183178486069
2018-06-19 00:00:00+00:00,174323.33009,-0.006185283838615496
2018-06-20 00:00:00+00:00,175255.64009000003,0.005348165386231951
2018-06-21 00:00:00+00:00,173886.79009000002,-0.007810590285693864
2018-06-22 00:00:00+00:00,172653.34008999998,-0.007093408299512771
2018-06-25 00:00:00+00:00,170149.29009,-0.014503339458678766
2018-06-26 00:00:00+00:00,170843.54009,0.004080240356176601
2018-06-27 00:00:00+00:00,169417.85009000002,-0.008345003851178201
2018-06-28 00:00:00+00:00,170661.16009000002,0.007338719027183416
2018-06-29 00:00:00+00:00,170124.61008999997,-0.0031439490960748495
2018-07-02 00:00:00+00:00,171322.67009,0.007042249791880284
2018-07-03 00:00:00+00:00,169379.27009,-0.011343507540356956
2018-07-05 00:00:00+00:00,170661.39009000003,0.007569521342952745
2018-07-06 00:00:00+00:00,171919.92009,0.007374427217171187
2018-07-09 00:00:00+00:00,172853.11009000003,0.005428050452277455
2018-07-10 00:00:00+00:00,173438.04009,0.003383971510234396
2018-07-11 00:00:00+00:00,172729.18008999998,-0.004087107993334005
2018-07-12 00:00:00+00:00,174436.68009,0.00988541715482194
2018-07-13 00:00:00+00:00,174797.12009,0.002066308529914851
2018-07-16 00:00:00+00:00,174203.89009,-0.0033938202168009024
2018-07-17 00:00:00+00:00,175656.22009,0.008336955043022565
2018-07-18 00:00:00+00:00,175137.51009000003,-0.002952983957722588
2018-07-19 00:00:00+00:00,174665.16009000002,-0.002697023611659577
2018-07-20 00:00:00+00:00,175061.91009,0.002271489058238929
2018-07-23 00:00:00+00:00,175564.18009,0.002869099278888232
2018-07-24 00:00:00+00:00,176038.76009,0.0027031709985299024
2018-07-25 00:00:00+00:00,178109.99008999998,0.011765761125226426
2018-07-26 00:00:00+00:00,178036.54009,-0.0004123856273466897
2018-07-27 00:00:00+00:00,176219.42009000003,-0.010206444132656034
2018-07-30 00:00:00+00:00,174007.83009,-0.012550205867608133
2018-07-31 00:00:00+00:00,174487.09009,0.002754243873693163
2018-08-01 00:00:00+00:00,175220.55009000003,0.004203520155111162
2018-08-02 00:00:00+00:00,177466.68008999998,0.012818873122166563
2018-08-03 00:00:00+00:00,177706.34009,0.0013504506867345611
2018-08-06 00:00:00+00:00,177840.38009,0.0007542780968428087
2018-08-07 00:00:00+00:00,179408.13008999996,0.008815489481109884
2018-08-08 00:00:00+00:00,179699.72009,0.0016252886636394237
2018-08-09 00:00:00+00:00,179290.22009000002,-0.002278801546239939
2018-08-10 00:00:00+00:00,178712.52009,-0.0032221500966980177
2018-08-13 00:00:00+00:00,178540.39009,-0.0009631669897179895
2018-08-14 00:00:00+00:00,179610.37008999998,0.005992929664041968
2018-08-15 00:00:00+00:00,178079.75008999996,-0.008521891020173533
2018-08-16 00:00:00+00:00,177806.45009,-0.001534705657784463
2018-08-17 00:00:00+00:00,175861.28008999996,-0.010939816857124418
2018-08-20 00:00:00+00:00,176016.71009,0.0008838216116731079
2018-08-21 00:00:00+00:00,176412.04009,0.0022459799401877145
2018-08-22 00:00:00+00:00,177855.34009,0.008181414370944884
2018-08-23 00:00:00+00:00,178421.90009,0.0031855102001059343
2018-08-24 00:00:00+00:00,179628.14009000003,0.006760605056843172
2018-08-27 00:00:00+00:00,180727.47009,0.006120032192334479
2018-08-28 00:00:00+00:00,180546.12009,-0.001003444578235202
2018-08-29 00:00:00+00:00,181861.48009000003,0.007285451492085926
2018-08-30 00:00:00+00:00,181659.49009,-0.0011106805019955868
2018-08-31 00:00:00+00:00,181778.46009000004,0.0006549066054357677
2018-09-04 00:00:00+00:00,181270.66009,-0.002793510296811963
2018-09-05 00:00:00+00:00,179141.63009,-0.011745033636127
2018-09-06 00:00:00+00:00,178308.62008999998,-0.004650007927144095
2018-09-07 00:00:00+00:00,177506.92009,-0.004496137088578989
2018-09-10 00:00:00+00:00,178551.97009000002,0.0058873761060704854
2018-09-11 00:00:00+00:00,179319.64008999997,0.004299420497085649
2018-09-12 00:00:00+00:00,178898.05008999998,-0.0023510531238429833
2018-09-13 00:00:00+00:00,179938.63009,0.005816608953963076
2018-09-14 00:00:00+00:00,180612.34008999998,0.0037441098649191318
2018-09-17 00:00:00+00:00,179433.60009000002,-0.0065263536224190455
2018-09-18 00:00:00+00:00,179466.37008999998,0.0001826302319272166
2018-09-19 00:00:00+00:00,179392.92009,-0.0004092688784151921
2018-09-20 00:00:00+00:00,179827.48009000003,0.002422392142242824
2018-09-21 00:00:00+00:00,179432.70009000003,-0.0021953263194391948
2018-09-24 00:00:00+00:00,180014.73009000003,0.003243723132450471
2018-09-25 00:00:00+00:00,180515.03009000001,0.002779217010462798
2018-09-26 00:00:00+00:00,180303.60009,-0.0011712598108567507
2018-09-27 00:00:00+00:00,180852.70009,0.003045418947408285
2018-09-28 00:00:00+00:00,181358.93009000004,0.0027991287923714303
2018-10-01 00:00:00+00:00,183658.79009000002,0.012681261401678245
2018-10-02 00:00:00+00:00,183049.80009000003,-0.003315877229189801
2018-10-03 00:00:00+00:00,183117.43008999998,0.00036946229914858186
2018-10-04 00:00:00+00:00,180520.06009000004,-0.01418417678056838
2018-10-05 00:00:00+00:00,178662.00009000002,-0.010292817313896752
2018-10-08 00:00:00+00:00,177300.13009,-0.007622605810491234
2018-10-09 00:00:00+00:00,178002.93009000004,0.003963900080858895
2018-10-10 00:00:00+00:00,172418.62008999998,-0.03137201166956394
2018-10-11 00:00:00+00:00,171085.97009,-0.007729153610580908
2018-10-12 00:00:00+00:00,174426.62009,0.01952614815956366
2018-10-15 00:00:00+00:00,172137.46009,-0.013123914221457977
2018-10-16 00:00:00+00:00,175482.12009,0.019430169344030634
2018-10-17 00:00:00+00:00,174874.27008999998,-0.0034638856636122206
2018-10-18 00:00:00+00:00,172896.45009,-0.011309954283051926
2018-10-19 00:00:00+00:00,172028.13009000002,-0.005022196809408075
2018-10-22 00:00:00+00:00,172751.93009,0.00420745141867962
2018-10-23 00:00:00+00:00,171973.25009000002,-0.004507503908027677
2018-10-24 00:00:00+00:00,166360.49009,-0.03263740143925087
2018-10-25 00:00:00+00:00,170857.74009,0.02703316152511337
2018-10-26 00:00:00+00:00,169293.59009,-0.009154692079949456
2018-10-29 00:00:00+00:00,166015.87008999998,-0.01936115831826546
2018-10-30 00:00:00+00:00,167933.56008999998,0.011551245064465254
2018-10-31 00:00:00+00:00,170824.97009000002,0.017217582944412335
2018-11-01 00:00:00+00:00,171405.51009,0.0033984492998542226
2018-11-02 00:00:00+00:00,170522.81008999998,-0.005149776104260151
2018-11-05 00:00:00+00:00,170164.12008999998,-0.002103472255768568
2018-11-06 00:00:00+00:00,170479.75009,0.001854856357692114
2018-11-07 00:00:00+00:00,173241.90009,0.016202217556875897
2018-11-08 00:00:00+00:00,172195.71008999998,-0.006038897053521897
2018-11-09 00:00:00+00:00,170927.52008999998,-0.007364817621398179
2018-11-12 00:00:00+00:00,167140.44009000002,-0.02215605771385387
2018-11-13 00:00:00+00:00,168217.49009,0.0064439820753137145
2018-11-14 00:00:00+00:00,167328.83009,-0.005282803824528282
2018-11-15 00:00:00+00:00,169209.60009000002,0.011239963842384126
2018-11-16 00:00:00+00:00,165845.32009,-0.019882323450978068
2018-11-19 00:00:00+00:00,161585.63009,-0.02568471632294711
2018-11-20 00:00:00+00:00,160609.11009000003,-0.006043359174055629
2018-11-21 00:00:00+00:00,160684.14009,0.00046715905441430117
2018-11-23 00:00:00+00:00,160103.38009000002,-0.003614295721249716
2018-11-26 00:00:00+00:00,163079.03009000004,0.018585803737106055
2018-11-27 00:00:00+00:00,163251.80008999998,0.0010594249910891307
2018-11-28 00:00:00+00:00,166292.86009,0.018628033493802265
2018-11-29 00:00:00+00:00,165523.70009,-0.004625333881344784
2018-11-30 00:00:00+00:00,166839.47009000002,0.007949133563861732
2018-12-03 00:00:00+00:00,168402.78009000001,0.009370144841365668
2018-12-04 00:00:00+00:00,164693.40009000004,-0.022026833511997634
2018-12-06 00:00:00+00:00,165317.99008999998,0.003792440982204548
2018-12-07 00:00:00+00:00,161802.84008999998,-0.021262961145888215
2018-12-10 00:00:00+00:00,163565.37009,0.01089307208093282
2018-12-11 00:00:00+00:00,163664.04009,0.0006032450508668408
2018-12-12 00:00:00+00:00,164131.57009,0.002856644622379445
2018-12-13 00:00:00+00:00,164533.83008999997,0.002450838676431477
2018-12-14 00:00:00+00:00,162278.87009,-0.013705145007361086
2018-12-17 00:00:00+00:00,160012.39009,-0.013966574938209853
2018-12-18 00:00:00+00:00,160849.39008999997,0.005230844933503009
2018-12-19 00:00:00+00:00,159516.37008999998,-0.008287379885333235
2018-12-20 00:00:00+00:00,157707.42009,-0.011340215421021482
2018-12-21 00:00:00+00:00,155310.47009,-0.015198714167235283
2018-12-24 00:00:00+00:00,152816.88009,-0.016055517690178878
2018-12-26 00:00:00+00:00,157764.76009000003,0.03237783677487749
2018-12-27 00:00:00+00:00,157635.81009,-0.0008173561695682396
2018-12-28 00:00:00+00:00,157856.95009,0.0014028538304444726
2018-12-31 00:00:00+00:00,158293.62008999998,0.0027662386721081234
2019-01-02 00:00:00+00:00,158096.99009,-0.001242185249716199
2019-01-03 00:00:00+00:00,154711.91009000002,-0.021411413323384365
2019-01-04 00:00:00+00:00,158585.33009,0.025036340109476418
2019-01-07 00:00:00+00:00,159724.47009,0.0071831360400960165
2019-01-08 00:00:00+00:00,159876.51009,0.0009518892121811451
2019-01-09 00:00:00+00:00,160750.14009,0.005464404993005045
2019-01-10 00:00:00+00:00,160892.56009,0.0008859712341169335
2019-01-11 00:00:00+00:00,160736.22009000002,-0.0009717043467549757
2019-01-14 00:00:00+00:00,160081.74009000004,-0.004071764283330337
2019-01-15 00:00:00+00:00,161992.94009000002,0.011938900707385347
2019-01-16 00:00:00+00:00,162147.18009,0.0009521402594105943
2019-01-17 00:00:00+00:00,162912.01009,0.004716887457280938
2019-01-18 00:00:00+00:00,163257.68008999998,0.0021218202378634476
2019-01-22 00:00:00+00:00,161112.88679000002,-0.01313747260660314
2019-01-23 00:00:00+00:00,161645.07679,0.0033032118696603163
2019-01-24 00:00:00+00:00,162310.31679,0.00411543619645327
2019-01-25 00:00:00+00:00,163309.02678999997,0.0061530900792468035
2019-01-28 00:00:00+00:00,159899.89679,-0.020875331064116875
2019-01-29 00:00:00+00:00,158248.81678999998,-0.010325710229622032
2019-01-30 00:00:00+00:00,160863.27679,0.016521197775964946
2019-01-31 00:00:00+00:00,161271.81679,0.0025396722493309376
2019-02-01 00:00:00+00:00,160672.58679000003,-0.003715652318720175
2019-02-04 00:00:00+00:00,162723.69679,0.01276577442971516
2019-02-05 00:00:00+00:00,163609.07679,0.0054410022477711095
2019-02-06 00:00:00+00:00,163038.61678999997,-0.0034867258662686362
2019-02-07 00:00:00+00:00,161818.39679,-0.007484239157718453
2019-02-08 00:00:00+00:00,161933.00679,0.0007082631040322696
2019-02-11 00:00:00+00:00,161581.28679,-0.002172009320225432
2019-02-12 00:00:00+00:00,163124.24679,0.009549125586586715
2019-02-13 00:00:00+00:00,163252.76679,0.0007878657068403072
2019-02-14 00:00:00+00:00,163477.54679,0.001376883249330385
2019-02-15 00:00:00+00:00,164089.05679,0.0037406360200984423
2019-02-19 00:00:00+00:00,164155.18678999998,0.0004030128595633453
2019-02-20 00:00:00+00:00,163881.10679000002,-0.001669639597502215
2019-02-21 00:00:00+00:00,164142.47679,0.0015948757310682016
2019-02-22 00:00:00+00:00,165341.52679,0.007304934246447736
2019-02-25 00:00:00+00:00,165582.39679,0.001456802804935542
2019-02-26 00:00:00+00:00,165779.05679,0.0011876866370610362
2019-02-27 00:00:00+00:00,165575.35679,-0.0012287438711757748
2019-02-28 00:00:00+00:00,165407.72679000002,-0.0010124091123813184
2019-03-01 00:00:00+00:00,166200.37679,0.004792097777913007
2019-03-04 00:00:00+00:00,166244.44679000002,0.0002651618537283795
2019-03-05 00:00:00+00:00,166236.11679,-5.010693686835488e-05
2019-03-06 00:00:00+00:00,165707.90679,-0.003177468351641455
2019-03-07 00:00:00+00:00,164632.39679000003,-0.006490396389853381
2019-03-08 00:00:00+00:00,164839.95679,0.0012607482126663072
2019-03-11 00:00:00+00:00,167407.81678999998,0.015577897798598306
2019-03-12 00:00:00+00:00,168169.06679,0.004547278702971003
2019-03-13 00:00:00+00:00,169201.50678999998,0.006139297908391406
2019-03-14 00:00:00+00:00,168868.88679,-0.001965821737112683
2019-03-15 00:00:00+00:00,169846.27678999997,0.005787863108350111
2019-03-18 00:00:00+00:00,170369.00679,0.0030776653446831226
2019-03-19 00:00:00+00:00,171263.97679,0.005253126826660015
2019-03-20 00:00:00+00:00,171523.36679000003,0.0015145625184103118
2019-03-21 00:00:00+00:00,173872.12679,0.013693527849623077
2019-03-22 00:00:00+00:00,171468.50679,-0.013824067401574047
2019-03-25 00:00:00+00:00,171053.86679,-0.0024181700054566324
2019-03-26 00:00:00+00:00,171292.32679000002,0.0013940637792935195
2019-03-27 00:00:00+00:00,170695.31678999998,-0.00348532833424553
2019-03-28 00:00:00+00:00,170752.01679,0.0003321708003845014
2019-03-29 00:00:00+00:00,171481.93678999998,0.004274737210850477
2019-04-01 00:00:00+00:00,172557.92679,0.006274655046133004
2019-04-02 00:00:00+00:00,172893.60679,0.001945317762240606
2019-04-03 00:00:00+00:00,173877.18679,0.005688932160427873
2019-04-04 00:00:00+00:00,173756.43679,-0.000694455680064765
2019-04-05 00:00:00+00:00,174112.15679000004,0.002047233510145796
2019-04-08 00:00:00+00:00,174254.81678999998,0.0008193569170016346
2019-04-09 00:00:00+00:00,173662.13679000002,-0.003401225922576523
2019-04-10 00:00:00+00:00,174379.54679000002,0.004131067446599079
2019-04-11 00:00:00+00:00,174388.97679,5.407744298890904e-05
2019-04-12 00:00:00+00:00,174661.05679,0.0015601903572590725
2019-04-15 00:00:00+00:00,174238.20679,-0.002420974702497136
2019-04-16 00:00:00+00:00,174587.57679,0.0020051285331528224
2019-04-17 00:00:00+00:00,175084.86679,0.002848369907775039
2019-04-18 00:00:00+00:00,175637.68679,0.0031574402181946404
2019-04-22 00:00:00+00:00,176201.99679,0.0032129209300888473
2019-04-23 00:00:00+00:00,177425.89679,0.006946005279716783
2019-04-24 00:00:00+00:00,177130.24679000003,-0.0016663294668303186
2019-04-25 00:00:00+00:00,178271.33679,0.006442095693305339
2019-04-26 00:00:00+00:00,177774.67679,-0.0027859778747553188
2019-04-29 00:00:00+00:00,178158.54679,0.0021593064149032504
2019-04-30 00:00:00+00:00,177012.61679000003,-0.006432079856099726
2019-05-01 00:00:00+00:00,175825.07679000002,-0.006708787325644949
2019-05-02 00:00:00+00:00,175413.88735,-0.0023386279563019086
2019-05-03 00:00:00+00:00,176489.78735,0.00613349385418549
2019-05-06 00:00:00+00:00,175783.80735,-0.004000118140547015
2019-05-07 00:00:00+00:00,173942.65735,-0.010473945397792561
2019-05-08 00:00:00+00:00,173904.82125,-0.00021752053565471385
2019-05-09 00:00:00+00:00,173832.92124999998,-0.00041344454675384945
2019-05-10 00:00:00+00:00,174326.90125,0.0028416941764994874
2019-05-13 00:00:00+00:00,172572.42124999998,-0.010064310140429411
2019-05-14 00:00:00+00:00,173174.78125,0.0034904766105552376
2019-05-15 00:00:00+00:00,173721.52125,0.0031571571567958756
2019-05-16 00:00:00+00:00,174772.18125,0.006047955327814547
2019-05-17 00:00:00+00:00,174420.50124999997,-0.0020122195505299922
2019-05-20 00:00:00+00:00,172870.30591,-0.008887689972740365
2019-05-21 00:00:00+00:00,173711.35590999998,0.0048652080273281495
2019-05-22 00:00:00+00:00,173504.86591,-0.001188696034972958
2019-05-23 00:00:00+00:00,172163.03591,-0.0077336735944686374
2019-05-24 00:00:00+00:00,171896.06590999998,-0.001550681298043477
2019-05-28 00:00:00+00:00,171577.29590999996,-0.0018544345288676878
2019-05-29 00:00:00+00:00,170755.33111,-0.004790638502842004
2019-05-30 00:00:00+00:00,170857.74111,0.0005997470142471428
2019-05-31 00:00:00+00:00,169407.17111,-0.008489928466665853
2019-06-03 00:00:00+00:00,167447.66111000002,-0.011566865718616093
2019-06-04 00:00:00+00:00,170672.26111,0.01925736065003414
2019-06-05 00:00:00+00:00,171589.83111000003,0.005376210486885524
2019-06-06 00:00:00+00:00,173075.58174999998,0.008658733623016834
2019-06-07 00:00:00+00:00,175092.03175000002,0.01165069029155541
2019-06-10 00:00:00+00:00,176509.58174999998,0.008096028047832382
2019-06-11 00:00:00+00:00,176832.96175,0.001832081843908151
2019-06-12 00:00:00+00:00,175697.55175,-0.006420805198100843
2019-06-13 00:00:00+00:00,176621.00175,0.005255907044817265
2019-06-14 00:00:00+00:00,176109.79174999997,-0.002894389653183005
2019-06-17 00:00:00+00:00,176817.90174999996,0.0040208440028433046
2019-06-18 00:00:00+00:00,178997.51175,0.01232686271258765
2019-06-19 00:00:00+00:00,179283.74175,0.001599072507777466
2019-06-20 00:00:00+00:00,179798.36174999998,0.0028704220191788643
2019-06-21 00:00:00+00:00,179736.72175,-0.0003428284851988428
2019-06-24 00:00:00+00:00,180118.05174999998,0.002121603177621001
2019-06-25 00:00:00+00:00,177655.04175000003,-0.0136744206150895
2019-06-26 00:00:00+00:00,178855.85174999997,0.006759222750850835
2019-06-27 00:00:00+00:00,179536.87175,0.003807647294380656
2019-06-28 00:00:00+00:00,179688.80175,0.0008462328574576627
2019-07-01 00:00:00+00:00,181050.48175,0.007577990318475614
2019-07-02 00:00:00+00:00,181048.09175,-1.3200738141705415e-05
2019-07-03 00:00:00+00:00,182009.16175,0.005308368570529298
2019-07-05 00:00:00+00:00,181624.06175,-0.002115827556686156
2019-07-08 00:00:00+00:00,180684.86175,-0.0051711210009869335
2019-07-09 00:00:00+00:00,180643.38175,-0.00022957097566589368
2019-07-10 00:00:00+00:00,182171.41175,0.008458820828070479
2019-07-11 00:00:00+00:00,183219.75175,0.00575468999185591
2019-07-12 00:00:00+00:00,183863.24175,0.0035121213398325857
2019-07-15 00:00:00+00:00,184247.11175,0.002087801761496033
2019-07-16 00:00:00+00:00,183559.77175000004,-0.0037305333770040194
2019-07-17 00:00:00+00:00,183524.85175,-0.00019023776106896761
2019-07-18 00:00:00+00:00,183664.26174999998,0.0007596246430421338
2019-07-19 00:00:00+00:00,183347.12175,-0.0017267376732860162
2019-07-22 00:00:00+00:00,184569.53175,0.006667189472801205
2019-07-23 00:00:00+00:00,185817.14174999998,0.006759566371387304
2019-07-24 00:00:00+00:00,186808.28175,0.005333953534456537
2019-07-25 00:00:00+00:00,184476.82175,-0.012480495929618973
2019-07-26 00:00:00+00:00,186890.35175000003,0.013083107010976258
2019-07-29 00:00:00+00:00,187003.68175000002,0.0006063983450124155
2019-07-30 00:00:00+00:00,186841.40175000002,-0.0008677904011373805
2019-07-31 00:00:00+00:00,184379.91175000003,-0.01317422143564062
2019-08-01 00:00:00+00:00,183989.19175,-0.0021191028691336378
2019-08-02 00:00:00+00:00,182715.84175000002,-0.006920786965193937
2019-08-05 00:00:00+00:00,178392.56175,-0.02366122148245542
2019-08-06 00:00:00+00:00,179977.24175,0.008883105800233881
2019-08-07 00:00:00+00:00,180646.66175000003,0.0037194702701905946
2019-08-08 00:00:00+00:00,183357.89174999998,0.015008469980763106
2019-08-09 00:00:00+00:00,181870.22175000003,-0.008113476795579277
2019-08-12 00:00:00+00:00,180383.96175,-0.008172090987182412
2019-08-13 00:00:00+00:00,182836.37175,0.013595499157507573
2019-08-14 00:00:00+00:00,179073.24175,-0.02058195513278671
2019-08-15 00:00:00+00:00,178715.49175,-0.001997785914321315
2019-08-16 00:00:00+00:00,181513.78175000002,0.015657792016791072
2019-08-19 00:00:00+00:00,184549.54174999997,0.01672468046630815
2019-08-20 00:00:00+00:00,183453.21175,-0.005940572865172022
2019-08-21 00:00:00+00:00,184463.15175,0.005505163907276289
2019-08-22 00:00:00+00:00,184185.56175,-0.001504853394114214
2019-08-23 00:00:00+00:00,180046.71175000002,-0.02247108818235033
2019-08-26 00:00:00+00:00,181760.19175,0.009516863614700055
2019-08-27 00:00:00+00:00,181277.12175000002,-0.0026577326715434557
2019-08-28 00:00:00+00:00,181246.34175000002,-0.00016979528195759652
2019-08-29 00:00:00+00:00,183641.59175000002,0.013215439146925467
2019-08-30 00:00:00+00:00,183672.24175,0.00016690118892936923
2019-09-03 00:00:00+00:00,182071.27174999999,-0.008716450481282334
2019-09-04 00:00:00+00:00,183453.27174999999,0.007590434156452774
2019-09-05 00:00:00+00:00,186708.14175,0.017742229227917905
2019-09-06 00:00:00+00:00,186078.76175,-0.0033709295915050896
2019-09-09 00:00:00+00:00,185869.66175,-0.0011237177098207818
2019-09-10 00:00:00+00:00,185931.79175,0.00033426649306322886
2019-09-11 00:00:00+00:00,186952.44175,0.005489378607034245
2019-09-12 00:00:00+00:00,187648.92175,0.003725439440536382
2019-09-13 00:00:00+00:00,187178.58175,-0.002506489222605879
2019-09-16 00:00:00+00:00,186417.24175000002,-0.004067452551899664
2019-09-17 00:00:00+00:00,186981.44174999997,0.0030265440830661294
2019-09-18 00:00:00+00:00,187299.21175000002,0.0016994734719444349
2019-09-19 00:00:00+00:00,187969.21174999996,0.003577164013344847
2019-09-20 00:00:00+00:00,186377.77174999999,-0.008466492917556079
2019-09-23 00:00:00+00:00,186661.66175,0.0015231966630699922
2019-09-24 00:00:00+00:00,184766.04175,-0.010155379429434452
2019-09-25 00:00:00+00:00,187035.53175000002,0.01228304713628492
2019-09-26 00:00:00+00:00,187333.62175,0.0015937613415530905
2019-09-27 00:00:00+00:00,185612.64174999998,-0.009186711834871186
2019-09-30 00:00:00+00:00,186454.34175,0.004534712679396646
2019-10-01 00:00:00+00:00,185641.32175,-0.004360424071487179
2019-10-02 00:00:00+00:00,183968.94175,-0.009008662426203684
2019-10-03 00:00:00+00:00,185522.74175000002,0.008445990857041119
2019-10-04 00:00:00+00:00,186784.22174999997,0.006799597656333978
2019-10-07 00:00:00+00:00,186915.28175000002,0.0007016652625801978
2019-10-08 00:00:00+00:00,185130.14174999998,-0.009550529968906818
2019-10-09 00:00:00+00:00,186994.97175000003,0.010073076066231978
2019-10-10 00:00:00+00:00,187848.83174999998,0.004566219037918984
2019-10-11 00:00:00+00:00,188839.16175000003,0.005271951870949199
2019-10-14 00:00:00+00:00,189184.11175000004,0.0018266867783318652
2019-10-15 00:00:00+00:00,191665.72175,0.013117433472845219
2019-10-16 00:00:00+00:00,191021.45174999998,-0.003361425267478846
2019-10-17 00:00:00+00:00,191012.61175,-4.627752495323101e-05
2019-10-18 00:00:00+00:00,189362.41175000003,-0.008639220127306557
2019-10-21 00:00:00+00:00,190489.65175000002,0.005952818141586658
2019-10-22 00:00:00+00:00,189683.52174999999,-0.004231883425657168
2019-10-23 00:00:00+00:00,190279.81175000002,0.003143604644719522
2019-10-24 00:00:00+00:00,193119.97175,0.014926228767408789
2019-10-25 00:00:00+00:00,195608.46175000002,0.012885720609059792
2019-10-28 00:00:00+00:00,197657.30174999998,0.010474189008339074
2019-10-29 00:00:00+00:00,195585.02175,-0.010484206663010198
2019-10-30 00:00:00+00:00,196257.75175,0.0034395783173002403
2019-10-31 00:00:00+00:00,195665.08175,-0.0030198552399344214
2019-11-01 00:00:00+00:00,196332.89174999998,0.003413025942223147
2019-11-04 00:00:00+00:00,198177.49175000002,0.009395267311341993
2019-11-05 00:00:00+00:00,198048.19175,-0.0006524454359485565
2019-11-06 00:00:00+00:00,197959.34175,-0.0004486281809236159
2019-11-07 00:00:00+00:00,198779.08174999998,0.004140951332497478
2019-11-08 00:00:00+00:00,199413.56175000002,0.003191885154183449
2019-11-11 00:00:00+00:00,199695.93175000002,0.0014160019886411135
2019-11-12 00:00:00+00:00,200410.97175,0.003580643800471295
2019-11-13 00:00:00+00:00,200264.18175,-0.0007324449291284951
2019-11-14 00:00:00+00:00,200966.75175000002,0.003508215966832706
2019-11-15 00:00:00+00:00,201509.21175000002,0.0026992524647799776
2019-11-18 00:00:00+00:00,202511.50175,0.00497391653361956
2019-11-19 00:00:00+00:00,202142.33174999998,-0.0018229581866207045
2019-11-20 00:00:00+00:00,201758.57175,-0.00189846429828755
2019-11-21 00:00:00+00:00,201579.58175,-0.0008871494204557573
2019-11-22 00:00:00+00:00,200841.50175,-0.003661481949671752
2019-11-25 00:00:00+00:00,203284.72174999997,0.012164916009447024
2019-11-26 00:00:00+00:00,202839.76175,-0.0021888511648562314
2019-11-27 00:00:00+00:00,203289.69174999997,0.002218154843597775
2019-11-29 00:00:00+00:00,202532.55175,-0.0037244387232927556
2019-12-02 00:00:00+00:00,200675.38175,-0.009169735847166183
2019-12-03 00:00:00+00:00,200369.28175,-0.0015253490354952826
2019-12-04 00:00:00+00:00,201178.91175000003,0.00404068923603873
2019-12-05 00:00:00+00:00,201251.81175,0.0003623640239716064
2019-12-06 00:00:00+00:00,202902.91174999997,0.008204149744753586
2019-12-09 00:00:00+00:00,202830.19175,-0.00035839801101311686
2019-12-10 00:00:00+00:00,203385.74175000002,0.0027389906562074184
2019-12-11 00:00:00+00:00,204248.90175000002,0.004243955316499015
2019-12-12 00:00:00+00:00,206062.53175000002,0.008879509189331669
2019-12-13 00:00:00+00:00,206582.17175,0.0025217587864563296
2019-12-16 00:00:00+00:00,208296.00175,0.008296117644043477
2019-12-17 00:00:00+00:00,208248.68175,-0.00022717670815786128
2019-12-18 00:00:00+00:00,208724.51175,0.0022849124229811224
2019-12-19 00:00:00+00:00,210485.96175,0.00843911424313104
2019-12-20 00:00:00+00:00,211547.53175,0.005043424232067606
2019-12-23 00:00:00+00:00,212108.34175000002,0.002650988150799005
2019-12-24 00:00:00+00:00,212219.96175000002,0.0005262405008641391
2019-12-26 00:00:00+00:00,213411.27175,0.00561356241032307
2019-12-27 00:00:00+00:00,213050.19175,-0.0016919443712560822
2019-12-30 00:00:00+00:00,211745.29035000002,-0.006124854379531364
2019-12-31 00:00:00+00:00,212218.98035,0.0022370745494126876
2020-01-02 00:00:00+00:00,214609.50035,0.011264402439675525
2020-01-03 00:00:00+00:00,213134.68035,-0.00687210956455675
2020-01-06 00:00:00+00:00,214091.61035000003,0.004489790204149857
2020-01-07 00:00:00+00:00,213844.22035,-0.0011555333700167258
2020-01-08 00:00:00+00:00,215129.93035,0.006012367310632483
2020-01-09 00:00:00+00:00,216677.00035000002,0.007191328503119321
2020-01-10 00:00:00+00:00,216726.05035000003,0.00022637381872914197
2020-01-13 00:00:00+00:00,218837.52034999998,0.009742575922876195
2020-01-14 00:00:00+00:00,217490.38034999996,-0.006155891356497967
2020-01-15 00:00:00+00:00,217759.12034999998,0.0012356408571614352
2020-01-16 00:00:00+00:00,219587.70034999997,0.008397260225247782
2020-01-17 00:00:00+00:00,220557.57034999997,0.004416777435412467
2020-01-21 00:00:00+00:00,220149.58035,-0.001849811817171032
2020-01-22 00:00:00+00:00,220187.99035,0.0001744722835217427
2020-01-23 00:00:00+00:00,220992.42035,0.003653378182530753
2020-01-24 00:00:00+00:00,219731.36034999997,-0.005706349557160428
2020-01-27 00:00:00+00:00,216542.23035,-0.014513768061692023
2020-01-28 00:00:00+00:00,219300.22035,0.012736499460369588
2020-01-29 00:00:00+00:00,220235.24034999998,0.004263652806676177
2020-01-30 00:00:00+00:00,221990.85034999996,0.007971521711102936
2020-01-31 00:00:00+00:00,218983.19035,-0.013548576417712566
2020-02-03 00:00:00+00:00,221813.19035000002,0.012923366380208634
2020-02-04 00:00:00+00:00,224571.48034999997,0.01243519375762836
2020-02-05 00:00:00+00:00,225060.49035,0.002177524943229203
2020-02-06 00:00:00+00:00,227511.48035,0.010890361058879527
2020-02-07 00:00:00+00:00,227124.69035,-0.001700090032401791
2020-02-10 00:00:00+00:00,230910.39035,0.016667936868361766
2020-02-11 00:00:00+00:00,229989.36034999997,-0.0039886901520714835
2020-02-12 00:00:00+00:00,231047.81035,0.004602169415095059
2020-02-13 00:00:00+00:00,230310.25035,-0.003192239731173996
2020-02-14 00:00:00+00:00,233513.24035,0.013907283740660636
2020-02-18 00:00:00+00:00,234940.85035000002,0.006113614790580035
2020-02-19 00:00:00+00:00,237643.53035,0.011503661436373047
2020-02-20 00:00:00+00:00,235558.62034999998,-0.008773266400012525
2020-02-21 00:00:00+00:00,230670.27035,-0.02075215924060314
2020-02-24 00:00:00+00:00,223581.11035,-0.03073287246442069
2020-02-25 00:00:00+00:00,220684.76466999995,-0.012954339816391602
2020-02-26 00:00:00+00:00,222350.30467,0.007547145370413899
2020-02-27 00:00:00+00:00,215346.59467000002,-0.03149854015444009
2020-02-28 00:00:00+00:00,219053.64467,0.017214342328843113
2020-03-02 00:00:00+00:00,225330.36787000002,0.028653817695915462
2020-03-03 00:00:00+00:00,219880.56786999997,-0.024185821252216688
2020-03-04 00:00:00+00:00,225622.12787000003,0.026112175603415055
2020-03-05 00:00:00+00:00,221270.52787000002,-0.019287115324554183
2020-03-06 00:00:00+00:00,218175.08787,-0.013989391311158506
2020-03-09 00:00:00+00:00,209532.43787,-0.0396133677972883
2020-03-10 00:00:00+00:00,214733.15950999997,0.02482060387817686
2020-03-11 00:00:00+00:00,210798.67951000002,-0.01832264755465829
2020-03-12 00:00:00+00:00,203123.27951,-0.0364110440247607
2020-03-13 00:00:00+00:00,212847.19950999998,0.04787201163479282
2020-03-16 00:00:00+00:00,201029.53951,-0.05552180168311194
2020-03-17 00:00:00+00:00,208796.14712999994,0.038634161123438204
2020-03-18 00:00:00+00:00,202427.13113000002,-0.03050351305589205
2020-03-19 00:00:00+00:00,206372.10113000002,0.01948834614203232
2020-03-20 00:00:00+00:00,202336.12112999996,-0.01955681014003774
2020-03-23 00:00:00+00:00,202570.06113,0.0011561949428184892
2020-03-24 00:00:00+00:00,215332.67112999997,0.06300343658290908
2020-03-25 00:00:00+00:00,214682.50113000002,-0.003019374610401915
2020-03-26 00:00:00+00:00,220625.23113,0.027681482974718064
2020-03-27 00:00:00+00:00,216261.86113000003,-0.019777293728607703
2020-03-30 00:00:00+00:00,222284.48112999997,0.02784873841615365
2020-03-31 00:00:00+00:00,221809.21113,-0.002138115974556043
2020-04-01 00:00:00+00:00,214808.86113,-0.031560231265135186
2020-04-02 00:00:00+00:00,215619.61969,0.0037743254898099377
2020-04-03 00:00:00+00:00,215225.49969,-0.0018278485073233153
2020-04-06 00:00:00+00:00,222269.57968999996,0.032728835617275465
2020-04-07 00:00:00+00:00,222187.03968999998,-0.0003713508619357375
2020-04-08 00:00:00+00:00,223433.97969,0.005612118518432796
2020-04-09 00:00:00+00:00,224054.89969,0.0027789864409231146
2020-04-13 00:00:00+00:00,226229.33968999996,0.009704942864487753
2020-04-14 00:00:00+00:00,231857.53969,0.02487829389288021
2020-04-15 00:00:00+00:00,231455.93969,-0.0017320980828872123
2020-04-16 00:00:00+00:00,233791.57969,0.010091078255015873
2020-04-17 00:00:00+00:00,234764.69968999998,0.0041623398126240385
2020-04-20 00:00:00+00:00,232839.51969000002,-0.008200466264911666
2020-04-21 00:00:00+00:00,227791.85968999995,-0.021678708179438178
2020-04-22 00:00:00+00:00,231871.81968999997,0.017910912205345797
2020-04-23 00:00:00+00:00,230627.43968999997,-0.005366671989997185
2020-04-24 00:00:00+00:00,232564.35968999998,0.00839848026151424
2020-04-27 00:00:00+00:00,234019.95969000002,0.006258912594949262
2020-04-28 00:00:00+00:00,231062.89969,-0.012635930729657296
2020-04-29 00:00:00+00:00,236489.21968999997,0.023484168195240684
2020-04-30 00:00:00+00:00,236966.09969,0.0020164978370902364
2020-05-01 00:00:00+00:00,232796.57968999998,-0.01759542822983795
2020-05-04 00:00:00+00:00,235984.15969000003,0.013692555123639538
2020-05-05 00:00:00+00:00,237368.95969,0.005868190482865909
2020-05-06 00:00:00+00:00,238406.83969000002,0.004372433537036535
2020-05-07 00:00:00+00:00,239181.35969,0.0032487322973078214
2020-05-08 00:00:00+00:00,240919.01969,0.00726503103022802
2020-05-11 00:00:00+00:00,241921.89969,0.0041627265513966005
2020-05-12 00:00:00+00:00,239787.89969000002,-0.008821028615989213
2020-05-13 00:00:00+00:00,237831.03968999998,-0.008160795446850666
2020-05-14 00:00:00+00:00,238591.45969,0.003197311843698758
2020-05-15 00:00:00+00:00,239644.41968999998,0.0044132342430365235
2020-05-18 00:00:00+00:00,241029.25969,0.005778728341729877
2020-05-19 00:00:00+00:00,240213.75969,-0.003383406649669185
2020-05-20 00:00:00+00:00,241832.93969,0.006740579732358309
2020-05-21 00:00:00+00:00,241178.63968999998,-0.002705586761004297
2020-05-22 00:00:00+00:00,241115.77969,-0.00026063668026643505
2020-05-26 00:00:00+00:00,240495.41968999998,-0.002572871841061586
2020-05-27 00:00:00+00:00,240641.71969,0.0006083275938835175
2020-05-28 00:00:00+00:00,240128.73969,-0.002131716813945861
2020-05-29 00:00:00+00:00,241710.35968999998,0.006586550206534314
2020-06-01 00:00:00+00:00,243162.63968999998,0.006008348181114842
2020-06-02 00:00:00+00:00,243703.31968999997,0.0022235323678394536
2020-06-03 00:00:00+00:00,243910.71969,0.0008510347756602865
2020-06-04 00:00:00+00:00,242131.01969,-0.007296522277749573
2020-06-05 00:00:00+00:00,244864.51969,0.011289342453931317
2020-06-08 00:00:00+00:00,246971.97968999998,0.008606636856446359
2020-06-09 00:00:00+00:00,247671.89969,0.0028340057073621416
2020-06-10 00:00:00+00:00,252706.83969,0.020329072479768673
2020-06-11 00:00:00+00:00,246142.81969,-0.025974841076926047
2020-06-12 00:00:00+00:00,246056.99969000003,-0.00034865936819961085
2020-06-15 00:00:00+00:00,248042.79969,0.008070487742684929
2020-06-16 00:00:00+00:00,250205.57968999998,0.00871938231104874
2020-06-17 00:00:00+00:00,250752.49968999997,0.0021858825078067134
2020-06-18 00:00:00+00:00,251542.51969,0.0031505967078162556
2020-06-19 00:00:00+00:00,250838.41968999998,-0.002799129152668667
2020-06-22 00:00:00+00:00,253350.77969,0.010015850056402487
2020-06-23 00:00:00+00:00,254452.71969000003,0.004349463622525196
2020-06-24 00:00:00+00:00,251339.27969,-0.012235829130822995
2020-06-25 00:00:00+00:00,253118.13968999998,0.007077524858804418
2020-06-26 00:00:00+00:00,249535.03968999998,-0.014155840448212498
2020-06-29 00:00:00+00:00,252228.89969000002,0.010795517949489852
2020-06-30 00:00:00+00:00,256144.39969,0.015523597830432223
2020-07-01 00:00:00+00:00,257839.11968999996,0.006616268019332017
2020-07-02 00:00:00+00:00,260901.31968999997,0.01187639797902551
2020-07-06 00:00:00+00:00,267075.63969,0.023665345991106035
2020-07-07 00:00:00+00:00,266420.97968999995,-0.0024512156958976794
2020-07-08 00:00:00+00:00,268021.85968999995,0.006008836097903147
2020-07-09 00:00:00+00:00,269494.31969,0.00549380562355295
2020-07-10 00:00:00+00:00,269514.31469,7.419451372125963e-05
2020-07-13 00:00:00+00:00,266629.15469,-0.010705034362714971
2020-07-14 00:00:00+00:00,267423.37469,0.002978744019660695
2020-07-15 00:00:00+00:00,267333.75469000003,-0.00033512403358115783
2020-07-16 00:00:00+00:00,265633.21469,-0.006361112168465133
2020-07-17 00:00:00+00:00,265250.95469000004,-0.0014390519666226398
2020-07-20 00:00:00+00:00,269410.57469,0.01568182857196998
2020-07-21 00:00:00+00:00,268074.33469,-0.004959864702926198
2020-07-22 00:00:00+00:00,269345.41469,0.0047415206736216575
2020-07-23 00:00:00+00:00,264693.63469000004,-0.01727068569314194
2020-07-24 00:00:00+00:00,264081.61469,-0.0023121825378112915
2020-07-27 00:00:00+00:00,265604.07469,0.005765111674991719
2020-07-28 00:00:00+00:00,264359.43469,-0.004686072687147713
2020-07-29 00:00:00+00:00,265626.19469000003,0.004791809308737127
2020-07-30 00:00:00+00:00,265924.19469,0.00112187730712221
2020-07-31 00:00:00+00:00,266852.77469,0.003491897384826137
2020-08-03 00:00:00+00:00,271375.79469,0.016949495860608454
2020-08-04 00:00:00+00:00,270127.51469000004,-0.004599820707760327
2020-08-05 00:00:00+00:00,270127.57469000004,2.221173214245198e-07
2020-08-06 00:00:00+00:00,272242.43469,0.007829115566698519
2020-08-07 00:00:00+00:00,270368.87469,-0.006881954321828587
2020-08-10 00:00:00+00:00,268981.45469,-0.005131581812406583
2020-08-11 00:00:00+00:00,266529.25469,-0.009116613644707061
2020-08-12 00:00:00+00:00,269514.77469,0.011201472061565854
2020-08-13 00:00:00+00:00,269717.77469,0.000753205460567008
2020-08-14 00:00:00+00:00,269605.37469,-0.0004167318973662404
2020-08-17 00:00:00+00:00,270246.97469,0.002379774515762989
2020-08-18 00:00:00+00:00,271386.67469,0.00421725350045965
2020-08-19 00:00:00+00:00,270580.57469000004,-0.002970300590184771
2020-08-20 00:00:00+00:00,273163.05469,0.009544218031758867
2020-08-21 00:00:00+00:00,273332.31469,0.0006196299136869143
2020-08-24 00:00:00+00:00,273904.17469,0.0020921785287209005
2020-08-25 00:00:00+00:00,275103.75469,0.0043795608495476035
2020-08-26 00:00:00+00:00,277601.71469000005,0.009080065093313161
2020-08-27 00:00:00+00:00,279197.37468999997,0.005748019250463976
2020-08-28 00:00:00+00:00,280191.27469,0.0035598472267284187
2020-08-31 00:00:00+00:00,279323.09469,-0.003098526179876715
2020-09-01 00:00:00+00:00,280972.55469,0.005905204515332496
2020-09-02 00:00:00+00:00,283153.23469,0.0077611850823151585
2020-09-03 00:00:00+00:00,275266.15469,-0.027854458412367777
2020-09-04 00:00:00+00:00,273445.77469000005,-0.0066131631840101734
2020-09-08 00:00:00+00:00,267312.91469,-0.022428066430913884
2020-09-09 00:00:00+00:00,271019.83029,0.013867327002508922
2020-09-10 00:00:00+00:00,268354.51029,-0.009834409523273746
2020-09-11 00:00:00+00:00,267673.95029,-0.0025360483014224
2020-09-14 00:00:00+00:00,268601.19029,0.003464065139679784
2020-09-15 00:00:00+00:00,269870.41029,0.004725295515741079
2020-09-16 00:00:00+00:00,268067.47028999997,-0.006680762066736512
2020-09-17 00:00:00+00:00,267053.71029,-0.0037817344973011258
2020-09-18 00:00:00+00:00,265687.31029,-0.00511657373535912
2020-09-21 00:00:00+00:00,266884.57029000006,0.004506274683172773
2020-09-22 00:00:00+00:00,268904.69029,0.007569264861602365
2020-09-23 00:00:00+00:00,265796.03029,-0.011560452875133742
2020-09-24 00:00:00+00:00,266894.43029000005,0.004132492117363773
2020-09-25 00:00:00+00:00,269110.97029,0.008304931645038538
2020-09-28 00:00:00+00:00,270042.69029000006,0.00346221485878484
2020-09-29 00:00:00+00:00,269128.21029,-0.00338642752750673
2020-09-30 00:00:00+00:00,270477.39029,0.005013149675190842
2020-10-01 00:00:00+00:00,271387.01029,0.003363016772029326
2020-10-02 00:00:00+00:00,268599.63029000006,-0.010270867411897866
2020-10-05 00:00:00+00:00,270581.45029,0.007378342248126835
2020-10-06 00:00:00+00:00,268513.39029,-0.00764302208367762
2020-10-07 00:00:00+00:00,270201.87029,0.006288252508287906
2020-10-08 00:00:00+00:00,270465.73029000004,0.000976529139923521
2020-10-09 00:00:00+00:00,272648.83029,0.008071632578586563
2020-10-12 00:00:00+00:00,275638.45029,0.010965093805171078
2020-10-13 00:00:00+00:00,275769.45029,0.00047526025437361064
2020-10-14 00:00:00+00:00,275040.61029,-0.002642932345238269
2020-10-15 00:00:00+00:00,274537.09029,-0.001830711470095503
2020-10-16 00:00:00+00:00,274327.53029,-0.0007633212684619028
2020-10-19 00:00:00+00:00,271937.77029,-0.00871133858666584
2020-10-20 00:00:00+00:00,272286.59028999996,0.0012827199385652133
2020-10-21 00:00:00+00:00,272262.73029,-8.76282595282385e-05
2020-10-22 00:00:00+00:00,272157.15028999996,-0.00038778719322896116
2020-10-23 00:00:00+00:00,272564.91029,0.001498252019340951
2020-10-26 00:00:00+00:00,270290.65029,-0.008343920710777719
2020-10-27 00:00:00+00:00,271655.75029,0.005050489162445437
2020-10-28 00:00:00+00:00,267075.25029,-0.01686141373819694
2020-10-29 00:00:00+00:00,268340.93029,0.004739038898683656
2020-10-30 00:00:00+00:00,266707.39029,-0.0060875543594284265
2020-11-02 00:00:00+00:00,266644.43029000005,-0.00023606394982722545
2020-11-03 00:00:00+00:00,268368.51029,0.0064658391631313705
2020-11-04 00:00:00+00:00,272612.95028999995,0.01581571547054228
2020-11-05 00:00:00+00:00,275671.87029000005,0.01122074353674729
2020-11-06 00:00:00+00:00,275788.81029,0.000424199973239725
2020-11-09 00:00:00+00:00,273522.83028999995,-0.008216359458591893
2020-11-10 00:00:00+00:00,270748.83029,-0.010141749400073286
2020-11-11 00:00:00+00:00,273235.11029,0.009182975960918771
2020-11-12 00:00:00+00:00,272789.69029000006,-0.0016301711720985157
2020-11-13 00:00:00+00:00,273191.79029,0.0014740293138368887
2020-11-16 00:00:00+00:00,273587.15029,0.0014471884370330645
2020-11-17 00:00:00+00:00,272449.41029,-0.004158601742786483
2020-11-18 00:00:00+00:00,271030.17029000004,-0.005209187270727944
2020-11-19 00:00:00+00:00,271601.61029,0.00210839995926837
2020-11-20 00:00:00+00:00,270689.31029,-0.003358963884735
2020-11-23 00:00:00+00:00,270152.95029,-0.0019814598493946844
2020-11-24 00:00:00+00:00,271704.13029,0.005741858448463644
2020-11-25 00:00:00+00:00,271814.47029,0.0004061035063480656
2020-11-27 00:00:00+00:00,272387.11029000004,0.00210673110739501
2020-11-30 00:00:00+00:00,272262.95029,-0.0004558218627447319
2020-12-01 00:00:00+00:00,273509.83029,0.004579690327574548
2020-12-02 00:00:00+00:00,273243.67029000004,-0.0009731277289659612
2020-12-03 00:00:00+00:00,272808.21029,-0.001593669121549457
2020-12-04 00:00:00+00:00,272767.05029,-0.0001508752245993339
2020-12-07 00:00:00+00:00,272927.15029,0.0005869477263833467
2020-12-08 00:00:00+00:00,273641.67029,0.002617987984122383
2020-12-09 00:00:00+00:00,271761.57029,-0.0068706640988102086
2020-12-10 00:00:00+00:00,271469.01029,-0.001076531901430422
2020-12-11 00:00:00+00:00,272379.89029,0.0033553737829115082
2020-12-14 00:00:00+00:00,272649.57029,0.0009900877767181626
2020-12-15 00:00:00+00:00,273380.07029,0.002679263346071048
2020-12-16 00:00:00+00:00,275276.89029,0.0069383989768818655
2020-12-17 00:00:00+00:00,275439.05029,0.000589079598469544
2020-12-18 00:00:00+00:00,274878.99029000005,-0.0020333355034817258
2020-12-21 00:00:00+00:00,276553.67029000004,0.006092426337251933
2020-12-22 00:00:00+00:00,277505.77029,0.003442731383754838
2020-12-23 00:00:00+00:00,276311.29029000003,-0.0043043429286234725
2020-12-24 00:00:00+00:00,277076.63029,0.0027698470055157465
2020-12-28 00:00:00+00:00,278479.61029,0.005063508959711083
2020-12-29 00:00:00+00:00,277954.23029,-0.0018866013186850106
2020-12-30 00:00:00+00:00,276897.73029000004,-0.0038009855036120754
2020-12-31 00:00:00+00:00,277043.81029,0.0005275593983633531
